Symbol,Trade Date,Exchange,Segment,Series,Trade Type,Quantity,Price,Trade ID,Order ID,Order Execution Time,user_id,dataset_id
AARTIDRUGS,27-07-2020,BSE,EQ,B,buy,1,1774.75,1223300,1.60E+18,2020-07-27T10:12:46,1,1
AARTIDRUGS,27-07-2020,BSE,EQ,B,buy,3,1775.1,1223500,1.60E+18,2020-07-27T10:12:46,1,1
AARTIDRUGS,06-08-2020,NSE,EQ,EQ,sell,4,2001,586130,1.00E+15,2020-08-06T09:43:24,1,1
ADANIGAS,24-06-2020,NSE,EQ,EQ,sell,20,154.45,4299719,1.00E+15,2020-06-24T13:21:56,1,1
ADANIGAS,22-06-2020,NSE,EQ,EQ,buy,20,147.2,462755,1.00E+15,2020-06-22T09:23:55,1,1
ADVENZYMES,04-08-2020,BSE,EQ,A,sell,10,207.75,5718900,1.60E+18,2020-08-04T13:23:29,1,1
ADVENZYMES,03-08-2020,BSE,EQ,A,buy,10,201.4,3689900,1.60E+18,2020-08-03T12:38:57,1,1
ALEMBICLTD,04-08-2020,BSE,EQ,B,sell,50,87.05,3286500,1.60E+18,2020-08-04T14:36:42,1,1
ALEMBICLTD,04-08-2020,BSE,EQ,B,buy,50,86.9,918200,1.60E+18,2020-08-04T10:13:58,1,1
AMARAJABAT,25-08-2020,BSE,EQ,A,buy,1,741.3,3186800,1.60E+18,2020-08-25T14:44:30,1,1
AMARAJABAT,28-08-2020,NSE,EQ,EQ,buy,1,750.9,485021,1.00E+15,2020-08-28T09:29:33,1,1
AMARAJABAT,25-08-2020,BSE,EQ,A,buy,1,741.3,3179400,1.60E+18,2020-08-25T14:44:16,1,1
AMARAJABAT,16-09-2020,BSE,EQ,A,sell,8,775.35,360900,1.60E+18,2020-09-16T09:29:56,1,1
AMARAJABAT,20-08-2020,BSE,EQ,A,buy,5,733.5,798700,1.60E+18,2020-08-20T09:48:57,1,1
AMARAJABAT,27-10-2020,BSE,EQ,A,buy,5,768.35,2566200,1.60E+18,2020-10-27T12:49:06,1,1
AMARAJABAT,10-12-2020,NSE,EQ,EQ,sell,5,930.85,966113,1.00E+15,2020-12-10T09:52:38,1,1
AMNPLST-X,24-07-2020,BSE,EQ,X,buy,80,47.8,4952500,1.60E+18,2020-07-24T12:32:20,1,1
AMNPLST-X,13-08-2020,BSE,EQ,X,sell,79,50.5,10204400,1.60E+18,2020-08-13T14:20:45,1,1
AMNPLST-X,13-08-2020,BSE,EQ,X,sell,1,50.7,10201800,1.60E+18,2020-08-13T14:20:36,1,1
ANDHRSUGAR,28-07-2020,BSE,EQ,B,buy,6,309.7,1350200,1.60E+18,2020-07-28T12:31:06,1,1
ANDHRSUGAR,30-07-2020,BSE,EQ,B,sell,6,335.3,177200,1.60E+18,2020-07-30T09:41:32,1,1
APLLTD,06-08-2020,BSE,EQ,A,sell,4,1013.25,10776600,1.60E+18,2020-08-06T14:17:33,1,1
APLLTD,06-08-2020,BSE,EQ,A,sell,1,1013.15,10776800,1.60E+18,2020-08-06T14:17:33,1,1
APLLTD,27-07-2020,BSE,EQ,A,buy,5,965.5,12258000,1.60E+18,2020-07-27T14:43:02,1,1
APOLLOHOSP,11-12-2020,NSE,EQ,EQ,buy,1,2357,2941382,1.00E+15,2020-12-11T13:25:02,1,1
APOLLOHOSP,22-10-2020,BSE,EQ,A,buy,1,2112.05,3800100,1.60E+18,2020-10-22T14:53:10,1,1
APOLLOHOSP,22-10-2020,BSE,EQ,A,buy,1,2112.15,3800300,1.60E+18,2020-10-22T14:53:10,1,1
APOLLOHOSP,30-07-2020,BSE,EQ,A,buy,2,1689,597400,1.60E+18,2020-07-30T09:50:12,1,1
APOLLOHOSP,30-07-2020,BSE,EQ,A,buy,3,1677.8,481300,1.60E+18,2020-07-30T09:40:01,1,1
APOLLOHOSP,30-07-2020,BSE,EQ,A,sell,5,1704.5,1786900,1.60E+18,2020-07-30T12:41:05,1,1
APOLLOTYRE,03-06-2020,NSE,EQ,EQ,buy,81,107.6,1820459,1.00E+15,2020-06-03T10:23:46,1,1
APOLLOTYRE,03-06-2020,NSE,EQ,EQ,buy,1,108.95,3683517,1.00E+15,2020-06-03T13:13:53,1,1
APOLLOTYRE,03-06-2020,NSE,EQ,EQ,buy,19,108.95,3683518,1.00E+15,2020-06-03T13:13:53,1,1
APOLLOTYRE,22-06-2020,NSE,EQ,EQ,sell,127,111,2776041,1.00E+15,2020-06-22T11:32:40,1,1
APOLLOTYRE,22-06-2020,NSE,EQ,EQ,sell,22,111,2776039,1.00E+15,2020-06-22T11:32:40,1,1
APOLLOTYRE,05-06-2020,NSE,EQ,EQ,buy,20,103,2170928,1.00E+15,2020-06-05T11:23:34,1,1
APOLLOTYRE,20-04-2020,NSE,EQ,EQ,buy,10,100.2,759651,1.00E+15,2020-04-20T09:42:19,1,1
APOLLOTYRE,14-08-2020,BSE,EQ,A,sell,33,129,5608500,1.60E+18,2020-08-14T14:20:39,1,1
APOLLOTYRE,06-08-2020,NSE,EQ,EQ,buy,2,113.5,861344,1.00E+15,2020-08-06T10:04:42,1,1
APOLLOTYRE,06-08-2020,NSE,EQ,EQ,buy,1,113.6,863289,1.00E+15,2020-08-06T10:04:54,1,1
APOLLOTYRE,05-08-2020,BSE,EQ,A,buy,30,116.75,4175500,1.60E+18,2020-08-05T11:55:47,1,1
APOLLOTYRE,10-12-2020,BSE,EQ,A,sell,30,183.15,1714000,1.61E+18,2020-12-10T09:52:29,1,1
APOLLOTYRE,23-10-2020,BSE,EQ,A,buy,30,144.55,1278200,1.60E+18,2020-10-23T09:43:55,1,1
APOLLOTYRE,03-06-2020,NSE,EQ,EQ,buy,19,107.6,1820458,1.00E+15,2020-06-03T10:23:46,1,1
APOLLOTYRE,22-06-2020,NSE,EQ,EQ,sell,1,111,2776040,1.00E+15,2020-06-22T11:32:40,1,1
APTECHT,15-07-2020,BSE,EQ,B,buy,20,111.5,1264200,1.59E+18,2020-07-15T09:34:42,1,1
APTECHT,15-07-2020,BSE,EQ,B,sell,20,111,9596500,1.59E+18,2020-07-15T14:41:06,1,1
ASHOKLEY,21-08-2020,NSE,EQ,EQ,sell,150,69,4317355,1.00E+15,2020-08-21T15:21:33,1,1
ASHOKLEY,20-04-2020,NSE,EQ,EQ,buy,20,49,759110,1.00E+15,2020-04-20T09:42:17,1,1
ASHOKLEY,17-07-2020,NSE,EQ,EQ,buy,25,50.7,761488,1.00E+15,2020-07-17T09:50:54,1,1
ASHOKLEY,02-02-2021,BSE,EQ,A,buy,94,129.85,1544400,1.61E+18,2021-02-02T09:20:35,1,1
ASHOKLEY,02-02-2021,BSE,EQ,A,buy,6,129.8,1544200,1.61E+18,2021-02-02T09:20:35,1,1
ASHOKLEY,01-06-2020,NSE,EQ,EQ,buy,20,43.85,1178,1.00E+15,2020-06-01T09:07:48,1,1
ASHOKLEY,27-01-2021,NSE,EQ,EQ,buy,10,112.15,1029135,1.00E+15,2021-01-27T09:47:07,1,1
ASHOKLEY,10-12-2020,BSE,EQ,A,buy,5,94.15,1307700,1.61E+18,2020-12-10T09:57:15,1,1
ASHOKLEY,09-10-2020,NSE,EQ,EQ,buy,50,75.7,2070028,1.00E+15,2020-10-09T11:54:48,1,1
ASHOKLEY,19-08-2020,NSE,EQ,EQ,buy,50,70.35,981233,1.00E+15,2020-08-19T09:57:12,1,1
ASHOKLEY,25-11-2020,NSE,EQ,EQ,buy,10,89.8,3954208,1.00E+15,2020-11-25T14:21:04,1,1
ASHOKLEY,20-11-2020,NSE,EQ,EQ,buy,30,90.45,3065700,1.00E+15,2020-11-20T13:09:51,1,1
ASHOKLEY,15-06-2020,NSE,EQ,EQ,buy,20,51.9,2144352,1.00E+15,2020-06-15T11:30:43,1,1
ASHOKLEY,21-10-2020,NSE,EQ,EQ,buy,100,75.85,816618,1.00E+15,2020-10-21T10:01:16,1,1
ASHOKLEY,27-10-2020,NSE,EQ,EQ,buy,28,79.45,2659196,1.02E+15,2020-10-27T12:50:51,1,1
ASHOKLEY,19-08-2020,NSE,EQ,EQ,buy,100,70.05,963155,1.00E+15,2020-08-19T09:56:06,1,1
ASHOKLEY,18-06-2020,BSE,EQ,A,buy,100,50.8,1079700,1.59E+18,2020-06-18T09:46:15,1,1
ASHOKLEY,19-08-2020,NSE,EQ,EQ,sell,345,69.9,935027,1.00E+15,2020-08-19T09:54:21,1,1
ASIANPAINT,03-02-2021,NSE,EQ,EQ,buy,2,2476.05,4247697,1.00E+15,2021-02-03T13:29:01,1,1
ASIANPAINT,12-11-2020,BSE,EQ,A,buy,3,2188.8,2391700,1.61E+18,2020-11-12T11:08:58,1,1
ASIANPAINT,25-11-2020,NSE,EQ,EQ,buy,1,2153,3965381,1.00E+15,2020-11-25T14:22:14,1,1
ASIANPAINT,27-10-2020,BSE,EQ,A,buy,1,2179.85,5402700,1.60E+18,2020-10-27T12:50:56,1,1
ASIANPAINT,21-10-2020,BSE,EQ,A,buy,10,2133,1228600,1.60E+18,2020-10-21T10:03:29,1,1
ASIANPAINT,27-01-2021,BSE,EQ,A,buy,1,2434.8,9088600,1.61E+18,2021-01-27T15:25:05,1,1
ASTEC,20-07-2020,BSE,EQ,B,sell,2,1018.5,554100,1.60E+18,2020-07-20T10:22:18,1,1
ASTEC,15-07-2020,BSE,EQ,B,buy,2,970,1206100,1.59E+18,2020-07-15T11:47:16,1,1
ASTEC,07-08-2020,BSE,EQ,B,sell,3,992,3029200,1.60E+18,2020-08-07T14:45:07,1,1
ASTEC,07-08-2020,BSE,EQ,B,buy,3,1002,626300,1.60E+18,2020-08-07T09:45:47,1,1
ASTERDM,27-07-2020,BSE,EQ,A,sell,30,127.3,1520600,1.60E+18,2020-07-27T09:49:15,1,1
ASTERDM,23-07-2020,BSE,EQ,A,buy,30,134,4335800,1.60E+18,2020-07-23T14:43:32,1,1
ASTRAMICRO,10-07-2020,BSE,EQ,B,buy,5,121.95,3150800,1.59E+18,2020-07-10T15:18:07,1,1
ASTRAMICRO,11-08-2020,BSE,EQ,B,buy,1,113.1,1919500,1.60E+18,2020-08-11T12:53:56,1,1
ASTRAMICRO,11-08-2020,BSE,EQ,B,buy,3,113.1,1919100,1.60E+18,2020-08-11T12:53:44,1,1
ASTRAMICRO,14-08-2020,NSE,EQ,EQ,sell,29,122,3525825,1.00E+15,2020-08-14T13:47:14,1,1
ASTRAMICRO,10-08-2020,BSE,EQ,B,buy,20,118.15,861100,1.60E+18,2020-08-10T09:56:54,1,1
ATFL,24-08-2020,BSE,EQ,B,buy,4,747.3,4735600,1.60E+18,2020-08-24T11:44:05,1,1
ATFL,24-08-2020,BSE,EQ,B,sell,4,771.45,5020900,1.60E+18,2020-08-24T12:17:12,1,1
AUROPHARMA,06-08-2020,BSE,EQ,A,buy,5,897.95,4833800,1.60E+18,2020-08-06T14:23:12,1,1
AUROPHARMA,11-08-2020,BSE,EQ,A,sell,5,932.35,4796900,1.60E+18,2020-08-11T13:49:43,1,1
AVANTI,14-08-2020,BSE,EQ,A,sell,10,498.65,1479600,1.60E+18,2020-08-14T10:56:18,1,1
AVANTI,14-08-2020,BSE,EQ,A,buy,4,480,4553800,1.60E+18,2020-08-14T14:29:24,1,1
AVANTI,04-08-2020,BSE,EQ,A,buy,10,483,900200,1.60E+18,2020-08-04T10:38:16,1,1
AVANTI,17-08-2020,BSE,EQ,A,buy,1,482.55,4068300,1.60E+18,2020-08-17T12:32:17,1,1
AVANTIFEED,19-08-2020,NSE,EQ,EQ,sell,2,493.1,1045087,1.00E+15,2020-08-19T10:01:29,1,1
AVANTIFEED,19-08-2020,NSE,EQ,EQ,sell,3,493.15,1045086,1.00E+15,2020-08-19T10:01:29,1,1
AXISBANK,21-10-2020,NSE,EQ,EQ,sell,10,505.45,1214119,1.00E+15,2020-10-21T10:41:33,1,1
AXISBANK,31-08-2020,BSE,EQ,A,buy,10,522.25,844500,1.60E+18,2020-08-31T09:25:44,1,1
AXISBANK,21-10-2020,NSE,EQ,EQ,sell,10,505.45,1214118,1.00E+15,2020-10-21T10:41:33,1,1
AXISBANK,10-09-2020,NSE,EQ,EQ,buy,10,446.55,3927006,1.00E+15,2020-09-10T15:16:38,1,1
BAJAJ-AUTO,16-07-2020,NSE,EQ,EQ,sell,5,2920.35,1227178,1.00E+15,2020-07-16T10:34:44,1,1
BAJAJ-AUTO,09-10-2020,BSE,EQ,A,buy,4,3041.15,7692500,1.60E+18,2020-10-09T11:57:12,1,1
BAJAJ-AUTO,24-06-2020,NSE,EQ,EQ,buy,2,2866,4202616,1.00E+15,2020-06-24T13:14:41,1,1
BAJAJ-AUTO,08-09-2020,BSE,EQ,A,buy,2,2910,11056200,1.60E+18,2020-09-08T12:26:13,1,1
BAJAJ-AUTO,08-07-2020,BSE,EQ,A,buy,2,2846.6,12742400,1.59E+18,2020-07-08T10:25:41,1,1
BAJAJ-AUTO,08-07-2020,BSE,EQ,A,buy,1,2846.75,12742600,1.59E+18,2020-07-08T10:25:41,1,1
BAJAJ-AUTO,21-10-2020,NSE,EQ,EQ,sell,8,3020,1500806,1.00E+15,2020-10-21T11:12:46,1,1
BAJAJ-AUTO,09-09-2020,NSE,EQ,EQ,buy,2,2860.1,195820,1.00E+15,2020-09-09T09:20:02,1,1
BAJAJCON,16-09-2020,NSE,EQ,EQ,sell,50,185.65,458004,1.00E+15,2020-09-16T09:30:41,1,1
BAJAJCON,22-07-2020,BSE,EQ,A,buy,30,166,2435500,1.60E+18,2020-07-22T10:10:46,1,1
BAJAJCON,10-08-2020,BSE,EQ,A,buy,5,181,2256800,1.60E+18,2020-08-10T10:01:09,1,1
BAJAJCON,11-09-2020,BSE,EQ,A,buy,9,165.95,1372900,1.60E+18,2020-09-11T09:34:51,1,1
BAJAJCON,13-08-2020,NSE,EQ,EQ,sell,12,184.05,4247310,1.00E+15,2020-08-13T14:29:09,1,1
BAJAJCON,11-09-2020,BSE,EQ,A,buy,1,166,1373100,1.60E+18,2020-09-11T09:34:51,1,1
BAJAJCON,31-07-2020,NSE,EQ,EQ,buy,7,173.25,3607498,1.00E+15,2020-07-31T14:57:00,1,1
BAJAJCON,04-09-2020,BSE,EQ,A,buy,5,171,5548100,1.60E+18,2020-09-04T13:11:38,1,1
BAJAJCON,24-07-2020,BSE,EQ,A,sell,30,173.75,1315800,1.60E+18,2020-07-24T09:52:18,1,1
BAJAJCON,01-09-2020,NSE,EQ,EQ,buy,30,171.7,579855,1.00E+15,2020-09-01T09:40:47,1,1
BAJAJCON,07-09-2020,NSE,EQ,EQ,buy,5,167.2,1312277,1.00E+15,2020-09-07T10:54:23,1,1
BAJAJCON,23-07-2020,NSE,EQ,EQ,buy,5,168.8,1169705,1.00E+15,2020-07-23T10:26:53,1,1
BAJAJCON,13-08-2020,NSE,EQ,EQ,sell,5,184.1,4247309,1.00E+15,2020-08-13T14:29:09,1,1
BAJFINANCE,14-07-2020,NSE,EQ,EQ,sell,2,3169,83438,1.00E+15,2020-07-14T09:16:11,1,1
BAJFINANCE,19-08-2020,BSE,EQ,A,buy,2,3435.5,3712000,1.60E+18,2020-08-19T10:10:43,1,1
BAJFINANCE,24-06-2020,NSE,EQ,EQ,buy,3,2995.9,4198194,1.00E+15,2020-06-24T13:14:22,1,1
BAJFINANCE,23-07-2020,NSE,EQ,EQ,sell,2,3311.6,1887418,1.00E+15,2020-07-23T11:40:32,1,1
BAJFINANCE,25-08-2020,BSE,EQ,A,sell,2,3607.3,6926600,1.60E+18,2020-08-25T14:33:03,1,1
BAJFINANCE,15-07-2020,NSE,EQ,EQ,sell,1,3264,471507,1.00E+15,2020-07-15T09:33:07,1,1
BAJFINANCE,16-07-2020,NSE,EQ,EQ,buy,2,3107.3,426921,1.00E+15,2020-07-16T09:32:00,1,1
BALKRISIND,20-04-2020,NSE,EQ,EQ,buy,5,944.65,803498,1.00E+15,2020-04-20T09:44:55,1,1
BALKRISIND,06-05-2020,NSE,EQ,EQ,buy,5,888.45,9379,1.00E+15,2020-05-06T09:15:00,1,1
BALKRISIND,29-05-2020,NSE,EQ,EQ,sell,3,1086.3,1702118,1.00E+15,2020-05-29T10:43:28,1,1
BALKRISIND,29-05-2020,NSE,EQ,EQ,sell,7,1086.25,1702119,1.00E+15,2020-05-29T10:43:28,1,1
BALRAMCHIN,05-06-2020,NSE,EQ,EQ,buy,20,121.45,982446,1.00E+15,2020-06-05T09:53:43,1,1
BALRAMCHIN,11-06-2020,NSE,EQ,EQ,sell,20,141.25,23212,1.00E+15,2020-06-11T09:15:03,1,1
BASF,11-12-2020,BSE,EQ,A,buy,1,1599.5,7341200,1.61E+18,2020-12-11T13:25:12,1,1
BASF,24-08-2020,BSE,EQ,A,buy,1,1664.95,10082100,1.60E+18,2020-08-24T14:44:01,1,1
BASF,24-08-2020,BSE,EQ,A,buy,3,1794.35,4381400,1.60E+18,2020-08-24T10:47:04,1,1
BASF,01-09-2020,BSE,EQ,A,buy,1,1505.7,1825400,1.60E+18,2020-09-01T09:47:00,1,1
BASF,04-02-2021,BSE,EQ,A,buy,1,1627.55,6475200,1.61E+18,2021-02-04T13:22:29,1,1
BASF,21-10-2020,BSE,EQ,A,buy,5,1416.35,2284300,1.60E+18,2020-10-21T10:03:02,1,1
BASF,07-09-2020,BSE,EQ,A,buy,1,1484.9,2804000,1.60E+18,2020-09-07T10:54:49,1,1
BASF,10-09-2020,NSE,EQ,EQ,buy,1,1449.8,3929995,1.00E+15,2020-09-10T15:16:50,1,1
BATAINDIA,25-08-2020,NSE,EQ,EQ,buy,1,1314.75,2766936,1.00E+15,2020-08-25T12:17:02,1,1
BATAINDIA,02-02-2021,NSE,EQ,EQ,buy,3,1548.35,302372,1.00E+15,2021-02-02T09:20:05,1,1
BATAINDIA,21-08-2020,BSE,EQ,A,buy,2,1294,1487600,1.60E+18,2020-08-21T10:05:01,1,1
BATAINDIA,27-01-2021,NSE,EQ,EQ,buy,1,1530.55,1118353,1.00E+15,2021-01-27T09:51:20,1,1
BBTC,03-06-2020,NSE,EQ,EQ,sell,5,990.1,1899954,1.00E+15,2020-06-03T10:28:27,1,1
BBTC,14-05-2020,NSE,EQ,EQ,buy,1,854.8,3402360,1.00E+15,2020-05-14T13:57:49,1,1
BDL,21-07-2020,NSE,EQ,EQ,buy,1,387.2,3204121,1.00E+15,2020-07-21T12:41:39,1,1
BDL,10-07-2020,BSE,EQ,A,buy,1,404.25,13510600,1.59E+18,2020-07-10T15:17:24,1,1
BDL,23-07-2020,NSE,EQ,EQ,sell,6,391.7,1830285,1.00E+15,2020-07-23T11:35:48,1,1
BDL,21-07-2020,NSE,EQ,EQ,buy,4,387.15,3204120,1.00E+15,2020-07-21T12:41:39,1,1
BEL,31-07-2020,BSE,EQ,A,sell,30,93.95,7196300,1.60E+18,2020-07-31T12:25:32,1,1
BEL,23-07-2020,BSE,EQ,A,buy,30,101.5,8343600,1.60E+18,2020-07-23T11:49:44,1,1
BERGEPAINT,14-08-2020,BSE,EQ,A,buy,9,554.1,697300,1.60E+18,2020-08-14T09:39:50,1,1
BERGEPAINT,17-08-2020,BSE,EQ,A,buy,3,539.55,365500,1.60E+18,2020-08-17T09:33:21,1,1
BERGEPAINT,25-08-2020,BSE,EQ,A,sell,13,564.35,2817600,1.60E+18,2020-08-25T09:42:32,1,1
BERGEPAINT,14-08-2020,BSE,EQ,A,buy,1,554.05,697100,1.60E+18,2020-08-14T09:39:50,1,1
BHARATFORG,07-12-2020,BSE,EQ,A,sell,5,545.7,3189200,1.61E+18,2020-12-07T14:01:12,1,1
BHARATFORG,21-10-2020,BSE,EQ,A,buy,5,464.35,506900,1.60E+18,2020-10-21T10:04:20,1,1
BHARATFORG,03-12-2020,BSE,EQ,A,sell,10,541.4,5130100,1.61E+18,2020-12-03T15:11:15,1,1
BHARATFORG,28-08-2020,BSE,EQ,A,buy,10,515.55,474900,1.60E+18,2020-08-28T09:27:18,1,1
BHARTIARTL,19-08-2020,BSE,EQ,A,buy,4,533.2,6027900,1.60E+18,2020-08-19T13:24:36,1,1
BHARTIARTL,21-10-2020,NSE,EQ,EQ,buy,2,406.9,785043,1.00E+15,2020-10-21T09:58:45,1,1
BHARTIARTL,21-10-2020,NSE,EQ,EQ,buy,8,406.8,785042,1.00E+15,2020-10-21T09:58:45,1,1
BHARTIARTL,09-10-2020,NSE,EQ,EQ,buy,5,425.65,2048330,1.00E+15,2020-10-09T11:52:01,1,1
BHARTIARTL,06-07-2020,NSE,EQ,EQ,buy,20,587.45,30430,1.00E+15,2020-07-06T09:15:07,1,1
BHARTIARTL,06-07-2020,BSE,EQ,A,buy,20,587.15,178600,1.59E+18,2020-07-06T09:15:31,1,1
BHARTIARTL,14-08-2020,BSE,EQ,A,buy,4,536.35,864800,1.60E+18,2020-08-14T09:36:40,1,1
BHARTIARTL,20-08-2020,BSE,EQ,A,buy,2,526.85,7203000,1.60E+18,2020-08-20T13:14:52,1,1
BHARTIARTL,05-08-2020,BSE,EQ,A,buy,20,551.05,2384900,1.60E+18,2020-08-05T10:43:16,1,1
BHARTIARTL,20-07-2020,BSE,EQ,A,buy,4,576.35,13058100,1.60E+18,2020-07-20T14:19:49,1,1
BHARTIARTL,01-09-2020,BSE,EQ,A,sell,10,533.2,7107400,1.60E+18,2020-09-01T11:48:37,1,1
BHARTIARTL,01-09-2020,BSE,EQ,A,buy,10,535.85,6863200,1.60E+18,2020-09-01T11:45:55,1,1
BHARTIARTL,03-02-2021,BSE,EQ,A,buy,30,612.55,9513900,1.61E+18,2021-02-03T13:28:46,1,1
BHARTIARTL,19-08-2020,BSE,EQ,A,buy,4,531.6,4413500,1.60E+18,2020-08-19T11:43:57,1,1
BHEL,21-10-2020,BSE,EQ,A,buy,1000,28.85,562700,1.60E+18,2020-10-21T10:00:49,1,1
BHEL,27-07-2020,BSE,EQ,A,sell,460,36.35,2764700,1.60E+18,2020-07-27T12:15:20,1,1
BHEL,22-07-2020,NSE,EQ,EQ,buy,3,38,4409487,1.00E+15,2020-07-22T14:56:26,1,1
BHEL,22-06-2020,NSE,EQ,EQ,buy,50,34.3,4396241,1.00E+15,2020-06-22T13:59:57,1,1
BHEL,04-06-2020,BSE,EQ,A,buy,50,27.65,1974300,1.59E+18,2020-06-04T10:25:59,1,1
BHEL,10-12-2020,NSE,EQ,EQ,buy,100,35.05,983352,1.00E+15,2020-12-10T09:53:43,1,1
BHEL,16-09-2020,NSE,EQ,EQ,buy,100,35.9,1444224,1.00E+15,2020-09-16T10:50:14,1,1
BHEL,07-10-2020,BSE,EQ,A,buy,100,29.2,771600,1.60E+18,2020-10-07T09:54:48,1,1
BHEL,25-08-2020,NSE,EQ,EQ,buy,10,39.95,2768221,1.00E+15,2020-08-25T12:17:10,1,1
BHEL,09-06-2020,BSE,EQ,A,sell,50,31.3,5834400,1.59E+18,2020-06-09T15:24:21,1,1
BHEL,25-08-2020,NSE,EQ,EQ,buy,100,39.85,3055944,1.00E+15,2020-08-25T12:50:05,1,1
BHEL,02-02-2021,BSE,EQ,A,buy,100,39.25,556400,1.61E+18,2021-02-02T09:21:08,1,1
BHEL,08-07-2020,NSE,EQ,EQ,buy,71,42.05,1526951,1.00E+15,2020-07-08T10:24:11,1,1
BHEL,24-06-2020,BSE,EQ,A,sell,50,36.8,9972200,1.59E+18,2020-06-24T13:40:51,1,1
BHEL,24-06-2020,BSE,EQ,A,buy,20,37.8,9265100,1.59E+18,2020-06-24T13:11:43,1,1
BHEL,20-07-2020,BSE,EQ,A,buy,3,38.15,4978400,1.60E+18,2020-07-20T14:21:31,1,1
BHEL,19-06-2020,BSE,EQ,A,buy,5,32.15,4496000,1.59E+18,2020-06-19T11:06:35,1,1
BHEL,17-07-2020,BSE,EQ,A,buy,100,37.9,1083700,1.59E+18,2020-07-17T09:50:29,1,1
BHEL,08-07-2020,NSE,EQ,EQ,buy,29,42.05,1526950,1.00E+15,2020-07-08T10:24:11,1,1
BHEL,25-06-2020,NSE,EQ,EQ,buy,100,37.2,2021728,1.00E+15,2020-06-25T11:07:43,1,1
BHEL,06-07-2020,NSE,EQ,EQ,buy,100,40.65,1616396,1.00E+15,2020-07-06T10:55:06,1,1
BHEL,09-07-2020,NSE,EQ,EQ,buy,500,41.65,1176541,1.00E+15,2020-07-09T10:21:52,1,1
BHEL,11-09-2020,NSE,EQ,EQ,buy,100,37.4,1187424,1.00E+15,2020-09-11T10:36:12,1,1
BHEL,23-07-2020,BSE,EQ,A,buy,4,38.1,1576600,1.60E+18,2020-07-23T10:27:17,1,1
BIOCON,25-11-2020,BSE,EQ,A,buy,1,422.65,10427900,1.61E+18,2020-11-25T14:22:06,1,1
BIOCON,18-06-2020,BSE,EQ,A,sell,15,394.2,2999200,1.59E+18,2020-06-18T11:46:01,1,1
BIOCON,04-02-2021,NSE,EQ,EQ,buy,10,408.95,3706412,1.00E+15,2021-02-04T11:59:41,1,1
BIOCON,27-10-2020,BSE,EQ,A,buy,10,410.55,5647200,1.60E+18,2020-10-27T12:58:28,1,1
BIOCON,17-06-2020,NSE,EQ,EQ,buy,15,391,2749719,1.00E+15,2020-06-17T13:04:31,1,1
BIOCON,27-01-2021,NSE,EQ,EQ,buy,1,373.9,1035141,1.00E+15,2021-01-27T09:47:26,1,1
BIOCON,02-02-2021,BSE,EQ,A,buy,10,382.6,969100,1.61E+18,2021-02-02T09:21:17,1,1
BLISSGVS,04-08-2020,BSE,EQ,A,sell,30,128.95,6469000,1.60E+18,2020-08-04T11:52:01,1,1
BLISSGVS,03-08-2020,BSE,EQ,A,buy,30,115.95,7214200,1.60E+18,2020-08-03T12:42:03,1,1
BPCL,01-09-2020,NSE,EQ,EQ,buy,3,403.9,2637590,1.00E+15,2020-09-01T12:44:02,1,1
BPCL,21-10-2020,BSE,EQ,A,buy,10,350,2214300,1.60E+18,2020-10-21T10:04:39,1,1
BPCL,10-09-2020,NSE,EQ,EQ,buy,10,429.15,3971718,1.00E+15,2020-09-10T15:19:15,1,1
BPCL,21-08-2020,NSE,EQ,EQ,buy,8,414.55,931197,1.00E+15,2020-08-21T09:55:16,1,1
BPCL,16-09-2020,NSE,EQ,EQ,buy,5,414.5,1448369,1.00E+15,2020-09-16T10:50:44,1,1
BPCL,16-12-2020,BSE,EQ,A,buy,1,403,1127100,1.61E+18,2020-12-16T10:06:02,1,1
BSE,27-07-2020,NSE,EQ,EQ,sell,5,516.05,3712286,1.00E+15,2020-07-27T15:09:21,1,1
BSE,27-07-2020,NSE,EQ,EQ,buy,1,540,2349612,1.00E+15,2020-07-27T12:19:34,1,1
BSE,27-07-2020,NSE,EQ,EQ,buy,4,540,2349611,1.00E+15,2020-07-27T12:19:34,1,1
CAPPL,24-07-2020,BSE,EQ,A,buy,12,405.7,8450900,1.60E+18,2020-07-24T11:45:55,1,1
CAPPL,24-07-2020,BSE,EQ,A,sell,12,393.55,9951400,1.60E+18,2020-07-24T12:39:34,1,1
CDSL,16-12-2020,NSE,EQ,EQ,buy,1,519.6,1191395,1.00E+15,2020-12-16T10:05:36,1,1
CDSL,03-02-2021,NSE,EQ,EQ,buy,1,508,4294550,1.00E+15,2021-02-03T13:32:46,1,1
CDSL,16-09-2020,NSE,EQ,EQ,buy,10,484.4,3217568,1.00E+15,2020-09-16T14:26:52,1,1
CEATLTD,16-09-2020,BSE,EQ,A,buy,1,967.7,2795700,1.60E+18,2020-09-16T14:14:45,1,1
CEATLTD,16-09-2020,BSE,EQ,A,buy,4,967.35,2795500,1.60E+18,2020-09-16T14:14:45,1,1
CEATLTD,09-10-2020,BSE,EQ,A,buy,1,1004.35,3653700,1.60E+18,2020-10-09T14:21:17,1,1
CEATLTD,23-10-2020,BSE,EQ,A,sell,3,1068.5,2354600,1.60E+18,2020-10-23T10:18:04,1,1
CEATLTD,23-10-2020,BSE,EQ,A,sell,3,1068.85,2354400,1.60E+18,2020-10-23T10:18:04,1,1
CHAMBLFERT,10-11-2020,NSE,EQ,EQ,sell,20,169.75,4460528,1.00E+15,2020-11-10T14:15:08,1,1
CHAMBLFERT,24-08-2020,NSE,EQ,EQ,buy,20,156.4,1927941,1.00E+15,2020-08-24T11:21:36,1,1
CHOLAFIN,26-06-2020,BSE,EQ,A,buy,11,207.7,1212300,1.59E+18,2020-06-26T09:25:33,1,1
CHOLAFIN,26-06-2020,BSE,EQ,A,sell,4,210.05,25100,1.59E+18,2020-06-26T09:15:02,1,1
CHOLAFIN,25-06-2020,BSE,EQ,A,buy,10,203.45,13644000,1.59E+18,2020-06-25T13:32:24,1,1
CHOLAFIN,08-07-2020,NSE,EQ,EQ,sell,11,212.65,1522714,1.00E+15,2020-07-08T10:23:51,1,1
CHOLAFIN,25-06-2020,BSE,EQ,A,buy,1,203.4,13642000,1.59E+18,2020-06-25T13:32:13,1,1
CHOLAFIN,26-06-2020,BSE,EQ,A,sell,7,210,25200,1.59E+18,2020-06-26T09:15:02,1,1
CIPLA,25-06-2020,NSE,EQ,EQ,buy,5,636.35,4595231,1.00E+15,2020-06-25T14:58:48,1,1
CIPLA,21-07-2020,NSE,EQ,EQ,sell,5,669.2,1148910,1.00E+15,2020-07-21T10:06:20,1,1
COCHINSHIP,15-07-2020,BSE,EQ,A,buy,10,328.3,3790900,1.59E+18,2020-07-15T10:12:34,1,1
COCHINSHIP,15-07-2020,BSE,EQ,A,sell,10,332.7,5212000,1.59E+18,2020-07-15T11:31:17,1,1
COROMANDEL,04-06-2020,NSE,EQ,EQ,buy,4,643.3,1625059,1.00E+15,2020-06-04T10:23:02,1,1
COROMANDEL,11-06-2020,NSE,EQ,EQ,sell,10,672.3,4939466,1.00E+15,2020-06-11T15:50:07,1,1
COROMANDEL,04-06-2020,NSE,EQ,EQ,buy,4,643.3,1625058,1.00E+15,2020-06-04T10:23:02,1,1
COROMANDEL,04-06-2020,NSE,EQ,EQ,buy,2,643.3,1625060,1.00E+15,2020-06-04T10:23:02,1,1
CUPID,11-08-2020,BSE,EQ,B,sell,11,252,5848100,1.60E+18,2020-08-11T14:37:32,1,1
CUPID,10-08-2020,NSE,EQ,EQ,buy,10,234.6,1311673,1.00E+15,2020-08-10T09:57:20,1,1
CUPID,06-08-2020,BSE,EQ,B,buy,8,238,569500,1.60E+18,2020-08-06T09:55:35,1,1
CUPID,10-08-2020,NSE,EQ,EQ,buy,1,234.3,1387509,1.00E+15,2020-08-10T10:01:34,1,1
CUPID,10-08-2020,BSE,EQ,B,sell,23,243.6,5077500,1.60E+18,2020-08-10T14:12:25,1,1
CUPID,06-08-2020,BSE,EQ,B,buy,15,237.95,563300,1.60E+18,2020-08-06T09:55:22,1,1
DABUR,11-12-2020,NSE,EQ,EQ,buy,1,512.5,2911355,1.00E+15,2020-12-11T13:21:49,1,1
DABUR,05-08-2020,BSE,EQ,A,buy,10,502.25,4952500,1.60E+18,2020-08-05T13:41:07,1,1
DABUR,25-08-2020,BSE,EQ,A,buy,2,488.8,1520900,1.60E+18,2020-08-25T09:43:13,1,1
DABUR,02-02-2021,BSE,EQ,A,buy,10,531.6,913800,1.61E+18,2021-02-02T09:21:25,1,1
DABUR,07-09-2020,NSE,EQ,EQ,buy,2,484.35,1319633,1.00E+15,2020-09-07T10:55:23,1,1
DABUR,25-08-2020,BSE,EQ,A,buy,1,488.1,3181500,1.60E+18,2020-08-25T10:40:55,1,1
DABUR,27-01-2021,BSE,EQ,A,buy,1,530.1,1216600,1.61E+18,2021-01-27T09:49:09,1,1
DABUR,10-12-2020,NSE,EQ,EQ,buy,2,507.4,1010446,1.00E+15,2020-12-10T09:55:38,1,1
DABUR,10-08-2020,NSE,EQ,EQ,buy,2,525,1314428,1.00E+15,2020-08-10T09:57:29,1,1
DABUR,21-10-2020,BSE,EQ,A,buy,3,524.8,1513100,1.60E+18,2020-10-21T10:00:34,1,1
DABUR,16-12-2020,BSE,EQ,A,buy,1,516.7,2331300,1.61E+18,2020-12-16T10:05:28,1,1
DABUR,14-08-2020,NSE,EQ,EQ,buy,4,496.65,657368,1.00E+15,2020-08-14T09:36:52,1,1
DABUR,01-09-2020,BSE,EQ,A,buy,1,486.35,11140500,1.60E+18,2020-09-01T13:01:58,1,1
DBL,07-08-2020,BSE,EQ,A,sell,10,328.55,1323500,1.60E+18,2020-08-07T10:00:34,1,1
DBL,23-07-2020,BSE,EQ,A,buy,10,303.55,2536800,1.60E+18,2020-07-23T11:42:22,1,1
DCAL,17-07-2020,BSE,EQ,A,sell,15,170,10447300,1.59E+18,2020-07-17T14:26:10,1,1
DCAL,15-07-2020,BSE,EQ,A,buy,15,166.3,4619200,1.59E+18,2020-07-15T12:03:47,1,1
DECCANCE,08-12-2020,BSE,EQ,B,sell,2,376.05,2111700,1.61E+18,2020-12-08T11:16:38,1,1
DECCANCE,22-10-2020,BSE,EQ,B,buy,6,317.1,2344300,1.60E+18,2020-10-22T14:28:46,1,1
DECCANCE,08-12-2020,BSE,EQ,B,sell,4,376.35,2111100,1.61E+18,2020-12-08T11:16:38,1,1
DECCANCE,08-12-2020,BSE,EQ,B,sell,1,376.2,2111500,1.61E+18,2020-12-08T11:16:38,1,1
DECCANCE,08-12-2020,BSE,EQ,B,sell,3,376.25,2111300,1.61E+18,2020-12-08T11:16:38,1,1
DECCANCE,22-10-2020,BSE,EQ,B,buy,1,317.3,2344700,1.60E+18,2020-10-22T14:28:46,1,1
DECCANCE,22-10-2020,BSE,EQ,B,buy,3,317.15,2344500,1.60E+18,2020-10-22T14:28:46,1,1
DEEPAKNI,10-09-2020,BSE,EQ,A,buy,5,751,3879800,1.60E+18,2020-09-10T15:17:34,1,1
DEEPAKNI,24-08-2020,BSE,EQ,A,buy,5,712.9,6287800,1.60E+18,2020-08-24T13:42:04,1,1
DEEPAKNI,24-08-2020,BSE,EQ,A,buy,1,694.15,5508300,1.60E+18,2020-08-24T13:03:12,1,1
DEEPAKNI,24-08-2020,BSE,EQ,A,buy,4,694,5508100,1.60E+18,2020-08-24T13:03:12,1,1
DEEPAKNI,01-09-2020,BSE,EQ,A,buy,1,704.2,1405900,1.60E+18,2020-09-01T09:45:13,1,1
DEEPAKNI,28-08-2020,BSE,EQ,A,buy,2,763.55,309400,1.60E+18,2020-08-28T09:27:52,1,1
DEEPAKNI,25-08-2020,BSE,EQ,A,buy,2,731.55,8896200,1.60E+18,2020-08-25T14:41:28,1,1
DEEPAKNI,25-08-2020,BSE,EQ,A,sell,1,748.75,6285900,1.60E+18,2020-08-25T11:36:24,1,1
DEEPAKNI,25-08-2020,BSE,EQ,A,sell,9,748.85,6285700,1.60E+18,2020-08-25T11:36:24,1,1
DEEPAKNI,16-09-2020,BSE,EQ,A,sell,11,834.6,1077700,1.60E+18,2020-09-16T09:29:50,1,1
DEEPAKNTR,31-08-2020,NSE,EQ,EQ,buy,1,738.55,413236,1.00E+15,2020-08-31T09:26:26,1,1
DLF,19-08-2020,BSE,EQ,A,buy,20,157.45,3063400,1.60E+18,2020-08-19T10:21:15,1,1
DLF,28-08-2020,BSE,EQ,A,buy,5,173.65,1929900,1.60E+18,2020-08-28T09:29:19,1,1
DLF,31-08-2020,NSE,EQ,EQ,sell,25,166.25,2749788,1.00E+15,2020-08-31T11:42:42,1,1
DREDGECORP,07-09-2020,BSE,EQ,B,buy,1,281.35,1652600,1.60E+18,2020-09-07T10:55:38,1,1
DREDGECORP,24-08-2020,BSE,EQ,B,sell,5,337.35,1996700,1.60E+18,2020-08-24T09:41:38,1,1
DREDGECORP,20-08-2020,BSE,EQ,B,buy,10,302.4,4783700,1.60E+18,2020-08-20T13:15:55,1,1
DREDGECORP,27-01-2021,BSE,EQ,A,buy,10,281.05,10272000,1.61E+18,2021-01-27T09:51:34,1,1
DREDGECORP,25-08-2020,NSE,EQ,EQ,buy,1,319,780291,1.00E+15,2020-08-25T09:43:28,1,1
DREDGECORP,04-09-2020,BSE,EQ,B,buy,1,283.5,3202000,1.60E+18,2020-09-04T14:10:58,1,1
DREDGECORP,01-09-2020,BSE,EQ,B,buy,2,296,908400,1.60E+18,2020-09-01T09:45:01,1,1
DRREDDY,11-12-2020,NSE,EQ,EQ,buy,1,5041.95,2938041,1.00E+15,2020-12-11T13:24:46,1,1
DRREDDY,04-02-2021,BSE,EQ,A,buy,1,4674.25,2485600,1.61E+18,2021-02-04T11:59:51,1,1
DRREDDY,21-10-2020,NSE,EQ,EQ,buy,1,5067.2,857441,1.00E+15,2020-10-21T10:05:09,1,1
DRREDDY,09-10-2020,NSE,EQ,EQ,buy,1,5179.25,2083580,1.00E+15,2020-10-09T11:56:38,1,1
DYNPRO,12-08-2020,NSE,EQ,EQ,sell,33,213.65,1037467,1.00E+15,2020-08-12T10:04:08,1,1
DYNPRO,05-08-2020,NSE,EQ,EQ,buy,5,205.95,432605,1.00E+15,2020-08-05T09:31:16,1,1
DYNPRO,06-08-2020,BSE,EQ,B,buy,10,207,3335300,1.60E+18,2020-08-06T14:04:22,1,1
DYNPRO,04-08-2020,BSE,EQ,B,buy,10,213.8,2856300,1.60E+18,2020-08-04T11:54:49,1,1
DYNPRO,04-08-2020,BSE,EQ,B,buy,8,213.55,2863000,1.60E+18,2020-08-04T11:55:53,1,1
EDELWEISS,01-06-2020,NSE,EQ,EQ,buy,20,47.45,25020178,1.10E+15,2020-06-01T09:07:48,1,1
EDELWEISS,07-08-2020,NSE,EQ,EQ,buy,1,79.5,26920940,1.10E+15,2020-08-07T11:41:15,1,1
EDELWEISS,06-08-2020,NSE,EQ,EQ,buy,30,81.4,27989549,1.10E+15,2020-08-06T14:04:49,1,1
EDELWEISS,10-08-2020,NSE,EQ,EQ,buy,1,79.25,25864456,1.10E+15,2020-08-10T10:01:49,1,1
EDELWEISS,09-07-2020,NSE,EQ,EQ,buy,13,55.25,29380436,1.10E+15,2020-07-09T15:46:37,1,1
EDELWEISS,20-04-2020,NSE,EQ,EQ,buy,10,37.9,26051683,1.10E+15,2020-04-20T09:45:24,1,1
EICHERMOT,14-12-2020,NSE,EQ,EQ,buy,1,2418.05,27668101,1.10E+15,2020-12-14T12:45:10,1,1
EICHERMOT,25-08-2020,BSE,EQ,A,buy,1,2197.95,8174200,1.60E+18,2020-08-25T12:17:53,1,1
EICHERMOT,24-08-2020,BSE,EQ,A,buy,1,2297.05,9147500,1.60E+18,2020-08-24T13:04:11,1,1
EICHERMOT,09-09-2020,BSE,EQ,A,buy,1,2137,411900,1.60E+18,2020-09-09T09:20:18,1,1
EICHERMOT,25-11-2020,NSE,EQ,EQ,buy,1,2613.9,29297544,1.10E+15,2020-11-25T14:23:09,1,1
EICHERMOT,27-01-2021,BSE,EQ,A,buy,1,2783.6,2366500,1.61E+18,2021-01-27T09:49:23,1,1
EICHERMOT,01-09-2020,BSE,EQ,A,buy,1,2142.5,1827300,1.60E+18,2020-09-01T09:43:48,1,1
EICHERMOT,24-08-2020,BSE,EQ,A,buy,2,2356.95,3191400,1.60E+18,2020-08-24T09:36:44,1,1
EICHERMOT,31-08-2020,NSE,EQ,EQ,buy,1,2207.55,25667720,1.10E+15,2020-08-31T09:26:42,1,1
EICHERMOT,28-08-2020,NSE,EQ,EQ,buy,1,2226.95,28882134,1.10E+15,2020-08-28T13:02:35,1,1
EICHERMOT,11-12-2020,BSE,EQ,A,buy,1,2466.3,3579600,1.61E+18,2020-12-11T13:24:56,1,1
EIDPARRY,28-08-2020,NSE,EQ,EQ,buy,2,294,25577922,1.10E+15,2020-08-28T09:30:11,1,1
EIDPARRY,25-08-2020,NSE,EQ,EQ,buy,1,295.1,28880422,1.10E+15,2020-08-25T14:45:26,1,1
EIDPARRY,09-09-2020,NSE,EQ,EQ,buy,1,282.8,25296305,1.10E+15,2020-09-09T09:23:05,1,1
EIDPARRY,16-09-2020,BSE,EQ,A,sell,16,314.45,1388600,1.60E+18,2020-09-16T09:30:10,1,1
EIDPARRY,16-09-2020,BSE,EQ,A,sell,2,314.4,1388900,1.60E+18,2020-09-16T09:30:10,1,1
EIDPARRY,16-09-2020,BSE,EQ,A,sell,4,314.35,1389100,1.60E+18,2020-09-16T09:30:10,1,1
EIDPARRY,16-09-2020,BSE,EQ,A,sell,11,314.2,1389300,1.60E+18,2020-09-16T09:30:10,1,1
EIDPARRY,17-08-2020,BSE,EQ,A,buy,3,275.65,8263100,1.60E+18,2020-08-17T12:30:25,1,1
EIDPARRY,17-08-2020,BSE,EQ,A,buy,1,281.8,2113900,1.60E+18,2020-08-17T09:36:49,1,1
EIDPARRY,13-08-2020,BSE,EQ,A,buy,5,292.05,9150600,1.60E+18,2020-08-13T12:02:25,1,1
EIDPARRY,06-08-2020,NSE,EQ,EQ,buy,5,293.8,27902080,1.10E+15,2020-08-06T13:52:15,1,1
EIDPARRY,05-08-2020,BSE,EQ,A,buy,15,297,9229000,1.60E+18,2020-08-05T13:37:47,1,1
EVEREADY,24-07-2020,BSE,EQ,B,buy,30,118.4,11709100,1.60E+18,2020-07-24T14:43:09,1,1
EVEREADY,03-08-2020,NSE,EQ,EQ,sell,30,133,28186419,1.10E+15,2020-08-03T14:08:35,1,1
EXIDEIND,01-02-2021,BSE,EQ,A,buy,28,190.8,4391400,1.61E+18,2021-02-01T12:17:55,1,1
EXIDEIND,13-08-2020,NSE,EQ,EQ,buy,5,167.2,27338944,1.10E+15,2020-08-13T12:02:46,1,1
EXIDEIND,16-09-2020,BSE,EQ,A,buy,10,163.7,1315500,1.60E+18,2020-09-16T10:51:06,1,1
EXIDEIND,12-08-2020,BSE,EQ,A,buy,20,168.85,4288900,1.60E+18,2020-08-12T14:49:16,1,1
EXIDEIND,14-08-2020,NSE,EQ,EQ,buy,7,168.35,25755970,1.10E+15,2020-08-14T09:41:41,1,1
EXIDEIND,21-10-2020,NSE,EQ,EQ,buy,10,158.9,25883983,1.10E+15,2020-10-21T10:00:18,1,1
EXIDEIND,19-08-2020,BSE,EQ,A,buy,5,167.95,4259100,1.60E+18,2020-08-19T12:25:14,1,1
GAEL,10-07-2020,BSE,EQ,B,buy,15,151,4523400,1.59E+18,2020-07-10T15:16:02,1,1
GAEL,21-07-2020,NSE,EQ,EQ,sell,15,148.95,30168811,1.10E+15,2020-07-21T15:23:09,1,1
GODREJPROP,08-06-2020,BSE,EQ,A,buy,3,824,2529200,1.59E+18,2020-06-08T10:07:13,1,1
GODREJPROP,08-06-2020,BSE,EQ,A,buy,3,823.9,2529000,1.59E+18,2020-06-08T10:07:13,1,1
GODREJPROP,08-06-2020,BSE,EQ,A,buy,4,823.75,2528800,1.59E+18,2020-06-08T10:07:13,1,1
GODREJPROP,19-06-2020,BSE,EQ,A,sell,1,889.8,5613600,1.59E+18,2020-06-19T15:11:03,1,1
GODREJPROP,19-06-2020,BSE,EQ,A,sell,9,889.8,5613800,1.59E+18,2020-06-19T15:11:03,1,1
GOLDBEES-E,11-12-2020,BSE,EQ,E,buy,2,42.76,415700,1.61E+18,2020-12-11T13:23:54,1,1
GOLDBEES-E,14-12-2020,BSE,EQ,E,buy,10,42.62,753500,1.61E+18,2020-12-14T15:00:40,1,1
GOLDBEES-E,11-12-2020,BSE,EQ,E,buy,8,42.79,415900,1.61E+18,2020-12-11T13:23:54,1,1
GOLDBEES-E,25-11-2020,BSE,EQ,E,buy,300,42.59,1168600,1.61E+18,2020-11-25T14:20:17,1,1
GPIL,19-08-2020,NSE,EQ,EQ,buy,2,283.45,25978719,1.10E+15,2020-08-19T10:09:05,1,1
GPIL,25-08-2020,BSE,EQ,B,sell,20,312,1567300,1.60E+18,2020-08-25T10:32:59,1,1
GPIL,04-08-2020,BSE,EQ,B,buy,17,192.6,2619300,1.60E+18,2020-08-04T10:37:49,1,1
GPIL,04-08-2020,BSE,EQ,B,buy,3,192.45,2619100,1.60E+18,2020-08-04T10:37:49,1,1
GPIL,06-08-2020,BSE,EQ,B,sell,20,218,2918400,1.60E+18,2020-08-06T14:27:39,1,1
GPIL,17-08-2020,BSE,EQ,B,buy,10,292.75,573700,1.60E+18,2020-08-17T09:38:10,1,1
GPIL,19-08-2020,NSE,EQ,EQ,buy,8,283.5,25978720,1.10E+15,2020-08-19T10:09:05,1,1
GPPL,17-06-2020,BSE,EQ,A,buy,50,74.9,1936200,1.59E+18,2020-06-17T11:15:22,1,1
GPPL,24-06-2020,BSE,EQ,A,sell,50,78.95,5375500,1.59E+18,2020-06-24T11:12:50,1,1
GRAPHITE,24-08-2020,BSE,EQ,A,buy,20,192.15,3539500,1.60E+18,2020-08-24T11:17:34,1,1
GRAPHITE,02-06-2020,NSE,EQ,EQ,buy,9,191.85,26283933,1.10E+15,2020-06-02T10:23:32,1,1
GRAPHITE,25-08-2020,BSE,EQ,A,buy,5,190.8,2115500,1.60E+18,2020-08-25T09:43:46,1,1
GRAPHITE,03-06-2020,NSE,EQ,EQ,sell,30,202,25029241,1.10E+15,2020-06-03T09:15:07,1,1
GRAPHITE,25-08-2020,BSE,EQ,A,buy,10,200.65,4257200,1.60E+18,2020-08-25T10:42:57,1,1
GRAPHITE,02-06-2020,NSE,EQ,EQ,buy,21,191.85,26283932,1.10E+15,2020-06-02T10:23:32,1,1
GRAPHITE,31-08-2020,BSE,EQ,A,buy,2,202.95,1120200,1.60E+18,2020-08-31T09:27:05,1,1
GRAPHITE,20-11-2020,BSE,EQ,A,sell,37,231.25,9989500,1.61E+18,2020-11-20T12:09:55,1,1
GRASIM,25-08-2020,NSE,EQ,EQ,buy,1,667.5,27532896,1.10E+15,2020-08-25T12:18:08,1,1
GRASIM,25-08-2020,NSE,EQ,EQ,buy,2,667.8,25751708,1.10E+15,2020-08-25T09:45:43,1,1
GRASIM,31-08-2020,NSE,EQ,EQ,sell,8,694.1,28377532,1.10E+15,2020-08-31T11:42:50,1,1
GRASIM,24-08-2020,BSE,EQ,A,buy,5,680.95,5458400,1.60E+18,2020-08-24T11:42:36,1,1
GRSE,07-08-2020,BSE,EQ,B,buy,5,201.7,2032400,1.60E+18,2020-08-07T11:28:51,1,1
GRSE,12-08-2020,NSE,EQ,EQ,sell,10,231.15,27246192,1.10E+15,2020-08-12T11:57:17,1,1
GRSE,12-08-2020,NSE,EQ,EQ,sell,20,231.2,27246191,1.10E+15,2020-08-12T11:57:17,1,1
GRSE,12-08-2020,NSE,EQ,EQ,sell,10,231.2,27246190,1.10E+15,2020-08-12T11:57:17,1,1
GRSE,07-08-2020,BSE,EQ,B,buy,10,209.5,1017700,1.60E+18,2020-08-07T10:03:42,1,1
GRSE,05-08-2020,BSE,EQ,B,buy,5,211.55,396100,1.60E+18,2020-08-05T09:31:42,1,1
GRSE,04-08-2020,BSE,EQ,B,buy,20,214.9,3430000,1.60E+18,2020-08-04T14:49:38,1,1
GSFC,28-08-2020,NSE,EQ,EQ,buy,2,70.35,25588579,1.10E+15,2020-08-28T09:30:35,1,1
GSFC,11-12-2020,BSE,EQ,A,buy,10,76.75,14984400,1.61E+18,2020-12-11T13:23:42,1,1
GSFC,09-09-2020,BSE,EQ,A,buy,10,62.55,649800,1.60E+18,2020-09-09T09:23:20,1,1
GSFC,25-11-2020,BSE,EQ,A,buy,2,67.85,17648500,1.61E+18,2020-11-25T14:24:33,1,1
GSFC,25-08-2020,BSE,EQ,A,buy,50,68.95,3031300,1.60E+18,2020-08-25T10:40:35,1,1
GSFC,27-01-2021,BSE,EQ,A,buy,10,73.05,4181600,1.61E+18,2021-01-27T09:49:35,1,1
HAL,13-08-2020,NSE,EQ,EQ,sell,5,1293,29221987,1.10E+15,2020-08-13T15:19:09,1,1
HAL,05-08-2020,BSE,EQ,A,buy,5,978.9,3397400,1.60E+18,2020-08-05T13:03:07,1,1
HARRMALAYA,30-07-2020,BSE,EQ,B,sell,3,88.85,8135200,1.60E+18,2020-07-30T12:37:08,1,1
HARRMALAYA,15-07-2020,BSE,EQ,B,buy,28,83.8,2596100,1.59E+18,2020-07-15T09:57:15,1,1
HARRMALAYA,20-07-2020,BSE,EQ,B,sell,9,81.85,6682500,1.60E+18,2020-07-20T14:13:13,1,1
HARRMALAYA,22-07-2020,BSE,EQ,B,buy,3,81.5,2888100,1.60E+18,2020-07-22T10:28:31,1,1
HARRMALAYA,20-07-2020,BSE,EQ,B,buy,2,84.35,3748800,1.60E+18,2020-07-20T11:06:36,1,1
HARRMALAYA,15-07-2020,BSE,EQ,B,buy,2,83.75,2595900,1.59E+18,2020-07-15T09:57:15,1,1
HARRMALAYA,30-07-2020,BSE,EQ,B,sell,2,89.05,8134900,1.60E+18,2020-07-30T12:37:08,1,1
HARRMALAYA,20-07-2020,BSE,EQ,B,sell,21,82,6682300,1.60E+18,2020-07-20T14:13:13,1,1
HCLTECH,16-07-2020,BSE,EQ,A,sell,4,608.05,20142400,1.59E+18,2020-07-16T12:57:45,1,1
HCLTECH,16-07-2020,BSE,EQ,A,buy,4,640.05,13157000,1.59E+18,2020-07-16T10:59:20,1,1
HCLTECH,24-07-2020,NSE,EQ,EQ,buy,10,664.7,27474694,1.10E+15,2020-07-24T12:34:12,1,1
HCLTECH,28-07-2020,BSE,EQ,A,sell,10,710.2,17616700,1.60E+18,2020-07-28T10:46:36,1,1
HDFCBANK,01-06-2020,NSE,EQ,EQ,buy,2,975,25003923,1.10E+15,2020-06-01T09:07:48,1,1
HDFCBANK,14-05-2020,NSE,EQ,EQ,buy,3,901.3,28796262,1.10E+15,2020-05-14T13:57:04,1,1
HDFCBANK,16-06-2020,BSE,EQ,A,sell,5,982.45,10949700,1.59E+18,2020-06-16T14:51:35,1,1
HDFCLIFE,23-10-2020,NSE,EQ,EQ,buy,2,563.65,25494910,1.10E+15,2020-10-23T09:42:52,1,1
HDFCLIFE,10-12-2020,NSE,EQ,EQ,buy,4,649.85,25990866,1.10E+15,2020-12-10T09:55:06,1,1
HDFCLIFE,09-09-2020,NSE,EQ,EQ,buy,1,590.75,25306737,1.10E+15,2020-09-09T09:23:33,1,1
HDFCLIFE,07-10-2020,BSE,EQ,A,buy,1,581.05,4212400,1.60E+18,2020-10-07T09:55:10,1,1
HDFCLIFE,02-02-2021,BSE,EQ,A,buy,2,693.2,7709700,1.61E+18,2021-02-02T10:16:53,1,1
HDFCLIFE,12-08-2020,BSE,EQ,A,buy,4,608.9,24852500,1.60E+18,2020-08-12T14:54:19,1,1
HEROMOTOCO,27-01-2021,NSE,EQ,EQ,buy,1,3409.5,25952306,1.10E+15,2021-01-27T09:49:43,1,1
HEROMOTOCO,27-10-2020,BSE,EQ,A,buy,2,2968.3,8507800,1.60E+18,2020-10-27T12:52:52,1,1
HEROMOTOCO,10-12-2020,BSE,EQ,A,buy,1,3185.45,2091600,1.61E+18,2020-12-10T09:55:13,1,1
HEROMOTOCO,02-02-2021,BSE,EQ,A,buy,1,3306.45,1303100,1.61E+18,2021-02-02T09:21:38,1,1
HINDCOPPER,28-01-2021,BSE,EQ,A,sell,300,56.2,4021200,1.61E+18,2021-01-28T15:29:10,1,1
HINDCOPPER,28-01-2021,BSE,EQ,A,sell,177,56.15,4021400,1.61E+18,2021-01-28T15:29:10,1,1
HINDCOPPER,26-06-2020,BSE,EQ,A,buy,40,33.45,48500,1.59E+18,2020-06-26T09:15:34,1,1
HINDCOPPER,20-07-2020,BSE,EQ,A,buy,25,38,4843500,1.60E+18,2020-07-20T14:20:36,1,1
HINDCOPPER,08-12-2020,NSE,EQ,EQ,buy,10,43,27358772,1.10E+15,2020-12-08T11:18:32,1,1
HINDCOPPER,23-07-2020,NSE,EQ,EQ,buy,1,36.9,28594582,1.10E+15,2020-07-23T14:54:01,1,1
HINDCOPPER,31-08-2020,BSE,EQ,A,buy,1,38.15,1064600,1.60E+18,2020-08-31T09:27:20,1,1
HINDCOPPER,09-07-2020,NSE,EQ,EQ,buy,25,41,26281086,1.10E+15,2020-07-09T10:23:10,1,1
HINDCOPPER,25-08-2020,NSE,EQ,EQ,buy,100,37.8,28858610,1.10E+15,2020-08-25T14:43:09,1,1
HINDCOPPER,09-07-2020,NSE,EQ,EQ,buy,275,41,26281087,1.10E+15,2020-07-09T10:23:10,1,1
HINDPETRO,04-02-2021,BSE,EQ,A,buy,30,228.3,2478600,1.61E+18,2021-02-04T13:24:56,1,1
HINDUNILVR,02-06-2020,NSE,EQ,EQ,buy,5,2108.05,27433815,1.10E+15,2020-06-02T12:18:25,1,1
HINDUNILVR,09-07-2020,NSE,EQ,EQ,sell,5,2213.45,25627715,1.10E+15,2020-07-09T09:37:47,1,1
HNDFDS,19-08-2020,NSE,EQ,EQ,sell,5,718.75,25885065,1.10E+15,2020-08-19T10:01:59,1,1
HNDFDS,27-07-2020,BSE,EQ,B,buy,5,709,1884300,1.60E+18,2020-07-27T14:41:29,1,1
IBREALEST,08-06-2020,BSE,EQ,A,buy,100,48.45,2613700,1.59E+18,2020-06-08T09:48:22,1,1
IBREALEST,09-06-2020,NSE,EQ,EQ,sell,100,50.7,31090661,1.10E+15,2020-06-09T15:44:17,1,1
IBULHSGFIN,21-10-2020,NSE,EQ,EQ,buy,10,153.55,25947655,1.10E+15,2020-10-21T10:05:41,1,1
IBULHSGFIN,19-06-2020,BSE,EQ,A,sell,15,162.7,2397800,1.59E+18,2020-06-19T09:40:49,1,1
IBULHSGFIN,24-08-2020,NSE,EQ,EQ,buy,2,201.45,29060740,1.10E+15,2020-08-24T14:51:03,1,1
IBULHSGFIN,08-06-2020,BSE,EQ,A,buy,50,134.55,1554000,1.59E+18,2020-06-08T09:47:00,1,1
IBULHSGFIN,12-08-2020,BSE,EQ,A,buy,10,218.25,13036500,1.60E+18,2020-08-12T15:12:00,1,1
IBULHSGFIN,10-06-2020,NSE,EQ,EQ,sell,50,151.8,27309004,1.10E+15,2020-06-10T11:40:52,1,1
IBULHSGFIN,18-06-2020,BSE,EQ,A,buy,10,153.6,3306500,1.59E+18,2020-06-18T09:48:55,1,1
IBULHSGFIN,12-06-2020,BSE,EQ,A,buy,15,147.9,5986800,1.59E+18,2020-06-12T11:51:26,1,1
IBULHSGFIN,07-12-2020,NSE,EQ,EQ,sell,22,202.7,29075201,1.10E+15,2020-12-07T14:01:48,1,1
IBULHSGFIN,25-06-2020,NSE,EQ,EQ,buy,50,232.85,29612392,1.10E+15,2020-06-25T13:43:04,1,1
IBULHSGFIN,22-07-2020,NSE,EQ,EQ,sell,50,218.05,25610402,1.10E+15,2020-07-22T09:31:48,1,1
IBULHSGFIN,22-06-2020,BSE,EQ,A,sell,10,250,20183000,1.59E+18,2020-06-22T12:57:35,1,1
ICICIBANK,04-08-2020,BSE,EQ,A,buy,10,352.35,7106300,1.60E+18,2020-08-04T14:47:45,1,1
ICICIBANK,12-08-2020,BSE,EQ,A,sell,23,365.8,1928100,1.60E+18,2020-08-12T10:05:48,1,1
ICICIBANK,28-07-2020,BSE,EQ,A,buy,3,345.15,8349600,1.60E+18,2020-07-28T11:38:26,1,1
ICICIBANK,28-07-2020,BSE,EQ,A,buy,10,349.55,5793300,1.60E+18,2020-07-28T10:42:12,1,1
ICICINIFTY,12-08-2020,BSE,EQ,B,sell,2,118.93,1097700,1.60E+18,2020-08-12T10:05:41,1,1
ICICINIFTY,16-07-2020,BSE,EQ,B,buy,2,112.61,1727900,1.59E+18,2020-07-16T13:06:41,1,1
IDEA,20-04-2020,BSE,EQ,A,buy,100,4.05,3428900,1.59E+18,2020-04-20T09:30:51,1,1
IDEA,31-08-2020,BSE,EQ,A,sell,255,10.25,13090000,1.60E+18,2020-08-31T11:42:55,1,1
IDEA,01-09-2020,NSE,EQ,EQ,buy,100,9.2,28926239,1.10E+15,2020-09-01T13:17:04,1,1
IDEA,01-09-2020,NSE,EQ,EQ,buy,100,9.2,28939085,1.10E+15,2020-09-01T13:18:20,1,1
IDEA,04-09-2020,BSE,EQ,A,sell,200,11.93,3471000,1.60E+18,2020-09-04T09:19:38,1,1
IDEA,07-09-2020,BSE,EQ,A,buy,400,12.74,3544200,1.60E+18,2020-09-07T09:41:05,1,1
IDEA,24-08-2020,BSE,EQ,A,buy,2,8.94,14346500,1.60E+18,2020-08-24T14:51:48,1,1
IDEA,24-08-2020,BSE,EQ,A,buy,12,8.94,14343900,1.60E+18,2020-08-24T14:51:33,1,1
IDEA,09-09-2020,BSE,EQ,A,buy,50,10.79,1888400,1.60E+18,2020-09-09T09:23:59,1,1
IDEA,14-05-2020,NSE,EQ,EQ,sell,100,4.75,28779363,1.10E+15,2020-05-14T13:55:09,1,1
IDEA,25-08-2020,NSE,EQ,EQ,buy,8,9.05,27838511,1.10E+15,2020-08-25T12:50:53,1,1
IDEA,06-08-2020,BSE,EQ,A,buy,1,8.38,7746900,1.60E+18,2020-08-06T10:05:38,1,1
IDEA,25-06-2020,BSE,EQ,A,buy,100,9.67,50084300,1.59E+18,2020-06-25T15:29:59,1,1
IDEA,22-07-2020,BSE,EQ,A,buy,3,8.49,32648200,1.60E+18,2020-07-22T14:57:37,1,1
IDEA,07-10-2020,BSE,EQ,A,buy,8,8.73,4303300,1.60E+18,2020-10-07T09:56:55,1,1
IDEA,23-07-2020,NSE,EQ,EQ,buy,3,8.6,28599128,1.10E+15,2020-07-23T14:54:25,1,1
IDEA,21-10-2020,BSE,EQ,A,buy,100,8.57,4190900,1.60E+18,2020-10-21T10:05:55,1,1
IDEA,24-07-2020,NSE,EQ,EQ,buy,10,8.5,26052586,1.10E+15,2020-07-24T10:13:02,1,1
IDEA,24-07-2020,NSE,EQ,EQ,buy,8,8.5,26056371,1.10E+15,2020-07-24T10:13:20,1,1
IDEA,24-07-2020,NSE,EQ,EQ,buy,1,8.5,26059506,1.10E+15,2020-07-24T10:13:33,1,1
IDEA,04-08-2020,BSE,EQ,A,buy,30,8.68,41634400,1.60E+18,2020-08-04T14:50:18,1,1
IDEA,13-08-2020,BSE,EQ,A,buy,1,8.92,21780900,1.60E+18,2020-08-13T12:05:00,1,1
IDEA,13-08-2020,BSE,EQ,A,buy,3,8.92,21778400,1.60E+18,2020-08-13T12:04:45,1,1
IDEA,12-08-2020,BSE,EQ,A,buy,3,8.88,25417800,1.60E+18,2020-08-12T15:15:22,1,1
IDEA,31-07-2020,BSE,EQ,A,buy,45,8.44,38524700,1.60E+18,2020-07-31T15:13:31,1,1
IDEA,12-08-2020,BSE,EQ,A,buy,20,8.88,25402100,1.60E+18,2020-08-12T15:15:06,1,1
IDEA,04-08-2020,BSE,EQ,A,buy,3,8.68,41673200,1.60E+18,2020-08-04T14:51:02,1,1
IDEA,11-08-2020,NSE,EQ,EQ,buy,2,8.75,27770024,1.10E+15,2020-08-11T12:54:21,1,1
IDEA,04-02-2021,BSE,EQ,A,buy,100,12.33,12169200,1.61E+18,2021-02-04T13:22:42,1,1
IDFCFIRSTB,27-07-2020,NSE,EQ,EQ,sell,200,27.5,27939803,1.10E+15,2020-07-27T12:48:50,1,1
IDFCFIRSTB,06-08-2020,NSE,EQ,EQ,buy,30,27.1,27892336,1.10E+15,2020-08-06T13:51:00,1,1
IDFCFIRSTB,21-07-2020,NSE,EQ,EQ,buy,5,27.2,29659686,1.10E+15,2020-07-21T14:58:39,1,1
IDFCFIRSTB,06-08-2020,NSE,EQ,EQ,buy,1,26.95,25828046,1.10E+15,2020-08-06T10:05:24,1,1
IDFCFIRSTB,23-07-2020,BSE,EQ,A,buy,3,27.15,12827100,1.60E+18,2020-07-23T14:53:26,1,1
IDFCFIRSTB,23-06-2020,NSE,EQ,EQ,buy,10,29.15,25511487,1.10E+15,2020-06-23T09:24:58,1,1
IDFCFIRSTB,12-08-2020,NSE,EQ,EQ,sell,99,30.65,25989572,1.10E+15,2020-08-12T10:04:45,1,1
IDFCFIRSTB,07-08-2020,NSE,EQ,EQ,buy,50,27.35,26730079,1.10E+15,2020-08-07T11:19:54,1,1
IDFCFIRSTB,27-07-2020,NSE,EQ,EQ,buy,200,27.75,27791861,1.10E+15,2020-07-27T12:31:19,1,1
INDHOTEL,12-08-2020,BSE,EQ,A,buy,28,86.9,7014800,1.60E+18,2020-08-12T11:30:47,1,1
INDHOTEL,14-08-2020,NSE,EQ,EQ,sell,28,97.5,26694480,1.10E+15,2020-08-14T10:57:01,1,1
INDIACEM,24-11-2020,BSE,EQ,A,sell,30,160.45,554000,1.61E+18,2020-11-24T09:32:50,1,1
INDIACEM,03-06-2020,BSE,EQ,A,buy,30,133.7,3836000,1.59E+18,2020-06-03T12:24:33,1,1
INDIACEM,12-08-2020,BSE,EQ,A,buy,4,116.95,8299400,1.60E+18,2020-08-12T14:40:00,1,1
INDIACEM,10-12-2020,BSE,EQ,A,buy,10,149.75,1938400,1.61E+18,2020-12-10T09:55:23,1,1
INDIACEM,12-06-2020,NSE,EQ,EQ,buy,10,127.2,28675218,1.10E+15,2020-06-12T13:12:16,1,1
INDIAMART,03-08-2020,BSE,EQ,B,buy,1,2991.3,3422300,1.60E+18,2020-08-03T14:01:20,1,1
INDIAMART,07-08-2020,BSE,EQ,B,sell,1,3116.95,741200,1.60E+18,2020-08-07T10:00:02,1,1
IOLCP,16-07-2020,BSE,EQ,B,buy,4,592.35,2709800,1.59E+18,2020-07-16T10:21:43,1,1
IOLCP,16-07-2020,BSE,EQ,B,sell,1,622.35,5682500,1.59E+18,2020-07-16T12:33:35,1,1
IOLCP,16-07-2020,BSE,EQ,B,sell,3,622.55,5682300,1.59E+18,2020-07-16T12:33:35,1,1
IOLCP,21-07-2020,BSE,EQ,B,sell,5,744.5,16251300,1.60E+18,2020-07-21T15:18:43,1,1
IOLCP,10-07-2020,BSE,EQ,B,buy,5,690.95,7245800,1.59E+18,2020-07-10T14:58:32,1,1
IPCALAB,17-07-2020,BSE,EQ,A,sell,1,1832.1,553700,1.59E+18,2020-07-17T09:20:38,1,1
IPCALAB,16-07-2020,BSE,EQ,A,buy,1,1761,3580800,1.59E+18,2020-07-16T11:29:15,1,1
IRB,22-06-2020,BSE,EQ,A,buy,150,82.85,4575900,1.59E+18,2020-06-22T11:33:24,1,1
IRB,22-06-2020,BSE,EQ,A,buy,20,81.8,4386600,1.59E+18,2020-06-22T11:29:23,1,1
IRB,24-06-2020,BSE,EQ,A,sell,176,90.2,4296900,1.59E+18,2020-06-24T11:13:06,1,1
IRB,22-06-2020,BSE,EQ,A,buy,6,81.7,4331100,1.59E+18,2020-06-22T11:27:39,1,1
IRCTC,14-08-2020,BSE,EQ,B,buy,3,1405,1485500,1.60E+18,2020-08-14T11:04:50,1,1
IRCTC,14-08-2020,BSE,EQ,B,sell,3,1387.6,3048900,1.60E+18,2020-08-14T13:41:36,1,1
ISEC,21-08-2020,BSE,EQ,A,buy,5,466.15,2332900,1.60E+18,2020-08-21T09:56:23,1,1
ISEC,02-02-2021,NSE,EQ,EQ,buy,3,413.8,25389291,1.10E+15,2021-02-02T09:21:47,1,1
ISEC,16-07-2020,BSE,EQ,A,buy,5,547.9,3296800,1.59E+18,2020-07-16T10:35:53,1,1
ISEC,15-12-2020,NSE,EQ,EQ,buy,1,453.95,28911204,1.10E+15,2020-12-15T14:41:15,1,1
ISEC,27-01-2021,BSE,EQ,A,buy,3,426.9,3564900,1.61E+18,2021-01-27T09:47:54,1,1
ISEC,09-10-2020,BSE,EQ,A,buy,4,469.35,6343700,1.60E+18,2020-10-09T11:57:35,1,1
ISEC,16-09-2020,BSE,EQ,A,buy,10,482.1,894900,1.60E+18,2020-09-16T09:31:33,1,1
ISEC,10-09-2020,NSE,EQ,EQ,buy,3,472.2,28793218,1.10E+15,2020-09-10T15:17:05,1,1
ISEC,11-12-2020,NSE,EQ,EQ,buy,1,471.95,27955805,1.10E+15,2020-12-11T13:22:16,1,1
ISEC,10-12-2020,BSE,EQ,A,buy,2,465.55,3640900,1.61E+18,2020-12-10T09:56:42,1,1
ITC,01-06-2020,NSE,EQ,EQ,buy,20,203.6,27825353,1.10E+15,2020-06-01T12:18:56,1,1
ITC,21-10-2020,BSE,EQ,A,buy,19,168.1,1024600,1.60E+18,2020-10-21T09:59:37,1,1
ITC,10-08-2020,BSE,EQ,A,buy,1,198.1,8255100,1.60E+18,2020-08-10T14:22:09,1,1
ITC,10-08-2020,BSE,EQ,A,buy,5,198.1,8253100,1.60E+18,2020-08-10T14:21:53,1,1
ITC,04-09-2020,BSE,EQ,A,buy,10,187.3,7841400,1.60E+18,2020-09-04T14:11:44,1,1
ITC,04-09-2020,BSE,EQ,A,buy,10,187.3,7850300,1.60E+18,2020-09-04T14:12:14,1,1
ITC,10-08-2020,BSE,EQ,A,buy,14,198.2,2314000,1.60E+18,2020-08-10T10:00:55,1,1
ITC,10-08-2020,BSE,EQ,A,buy,1,198.15,2313800,1.60E+18,2020-08-10T10:00:55,1,1
ITC,25-11-2020,NSE,EQ,EQ,buy,10,193.25,29278489,1.10E+15,2020-11-25T14:21:25,1,1
ITC,24-08-2020,BSE,EQ,A,buy,10,197.85,3544100,1.60E+18,2020-08-24T11:22:42,1,1
ITC,10-08-2020,BSE,EQ,A,buy,20,198.5,2137000,1.60E+18,2020-08-10T09:56:30,1,1
ITC,12-08-2020,BSE,EQ,A,buy,10,202,4020100,1.60E+18,2020-08-12T11:30:18,1,1
ITC,09-09-2020,NSE,EQ,EQ,buy,10,185.7,25323020,1.10E+15,2020-09-09T09:24:10,1,1
ITC,15-06-2020,NSE,EQ,EQ,buy,1,188.15,27202027,1.10E+15,2020-06-15T11:32:31,1,1
ITC,07-08-2020,BSE,EQ,A,buy,1,196.75,2154100,1.60E+18,2020-08-07T11:40:35,1,1
ITC,25-08-2020,NSE,EQ,EQ,buy,5,196.05,27534363,1.10E+15,2020-08-25T12:18:20,1,1
ITC,16-09-2020,NSE,EQ,EQ,buy,20,181.4,26273846,1.10E+15,2020-09-16T10:53:42,1,1
ITC,07-08-2020,BSE,EQ,A,buy,20,196.1,1122400,1.60E+18,2020-08-07T10:04:25,1,1
ITC,23-07-2020,BSE,EQ,A,buy,10,200.1,3197500,1.60E+18,2020-07-23T10:24:54,1,1
ITC,13-08-2020,NSE,EQ,EQ,buy,10,201.5,25885598,1.10E+15,2020-08-13T09:50:51,1,1
ITC,07-10-2020,BSE,EQ,A,buy,10,170.15,2160400,1.60E+18,2020-10-07T09:55:41,1,1
ITC,09-10-2020,BSE,EQ,A,buy,30,166.85,3154300,1.60E+18,2020-10-09T11:55:17,1,1
ITC,14-08-2020,BSE,EQ,A,buy,10,200.9,855900,1.60E+18,2020-08-14T09:37:18,1,1
ITC,24-07-2020,NSE,EQ,EQ,sell,106,199.95,26094544,1.10E+15,2020-07-24T10:16:15,1,1
ITC,17-06-2020,NSE,EQ,EQ,buy,40,183.35,25341727,1.10E+15,2020-06-17T09:25:35,1,1
ITC,01-02-2021,NSE,EQ,EQ,buy,10,213.65,30481555,1.10E+15,2021-02-01T14:07:32,1,1
ITC,01-06-2020,NSE,EQ,EQ,buy,30,203.55,27838304,1.10E+15,2020-06-01T12:19:58,1,1
ITC,18-06-2020,BSE,EQ,A,buy,5,184.35,2025600,1.59E+18,2020-06-18T09:49:21,1,1
JETAIRWAYS-Z,09-09-2020,BSE,EQ,Z,buy,5,26.25,31800,1.60E+18,2020-09-09T09:24:34,1,1
JETAIRWAYS-Z,06-08-2020,BSE,EQ,Z,buy,1,31.15,383600,1.60E+18,2020-08-06T13:51:47,1,1
JETAIRWAYS-Z,06-08-2020,BSE,EQ,Z,buy,9,31.2,383800,1.60E+18,2020-08-06T13:51:47,1,1
JETAIRWAYS-Z,01-09-2020,BSE,EQ,Z,buy,10,27.45,404500,1.60E+18,2020-09-01T13:07:13,1,1
JETAIRWAYS-BZ,07-08-2020,NSE,EQ,BZ,buy,20,29.25,51578113,1.20E+15,2020-08-07T11:21:00,1,1
JETAIRWAYS-BZ,24-08-2020,NSE,EQ,BZ,buy,10,28.95,51663646,1.20E+15,2020-08-24T11:23:02,1,1
JETAIRWAYS-Z,01-09-2020,BSE,EQ,Z,buy,10,27.45,403900,1.60E+18,2020-09-01T13:06:56,1,1
JETAIRWAYS-Z,13-08-2020,BSE,EQ,Z,buy,5,30.25,382600,1.60E+18,2020-08-13T12:04:25,1,1
JETAIRWAYS-Z,24-07-2020,BSE,EQ,Z,buy,30,30.7,572600,1.60E+18,2020-07-24T15:10:47,1,1
JKTYRE,16-06-2020,BSE,EQ,A,buy,40,61.7,4437100,1.59E+18,2020-06-16T14:58:11,1,1
JKTYRE,22-06-2020,BSE,EQ,A,sell,41,64.45,3716100,1.59E+18,2020-06-22T11:49:09,1,1
JKTYRE,20-04-2020,BSE,EQ,A,buy,1,53.15,806200,1.59E+18,2020-04-20T09:42:16,1,1
JMFINANCIL,17-08-2020,BSE,EQ,A,sell,29,83.5,3572600,1.60E+18,2020-08-17T12:29:11,1,1
JMFINANCIL,17-08-2020,BSE,EQ,A,sell,1,83.5,3572800,1.60E+18,2020-08-17T12:29:11,1,1
JMFINANCIL,14-08-2020,BSE,EQ,A,buy,30,79.45,563500,1.60E+18,2020-08-14T09:38:37,1,1
JSWSTEEL,16-07-2020,BSE,EQ,A,buy,15,200.45,4991300,1.59E+18,2020-07-16T12:58:37,1,1
JSWSTEEL,27-07-2020,BSE,EQ,A,sell,15,201.5,26100,1.60E+18,2020-07-27T09:15:03,1,1
JUBLFOOD,12-08-2020,BSE,EQ,A,buy,1,1863.25,10730500,1.60E+18,2020-08-12T14:40:25,1,1
JUBLFOOD,04-08-2020,BSE,EQ,A,buy,5,1815.55,5020200,1.60E+18,2020-08-04T10:18:48,1,1
JUBLFOOD,07-08-2020,BSE,EQ,A,buy,2,1877.85,3470300,1.60E+18,2020-08-07T11:25:56,1,1
JUBLFOOD,25-08-2020,BSE,EQ,A,sell,3,2079.15,5717600,1.60E+18,2020-08-25T11:30:11,1,1
JUBLFOOD,05-08-2020,BSE,EQ,A,sell,5,1842.95,6589800,1.60E+18,2020-08-05T13:42:30,1,1
JUBLFOOD,30-04-2020,NSE,EQ,EQ,buy,2,1605.5,53262073,1.20E+15,2020-04-30T14:16:08,1,1
JUBLFOOD,14-05-2020,NSE,EQ,EQ,sell,2,1683.45,52303961,1.20E+15,2020-05-14T13:55:40,1,1
JYOTHYLAB,05-08-2020,NSE,EQ,EQ,buy,30,139.35,52320934,1.20E+15,2020-08-05T13:49:51,1,1
JYOTHYLAB,20-08-2020,NSE,EQ,EQ,sell,50,145.75,50029834,1.20E+15,2020-08-20T09:15:15,1,1
JYOTHYLAB,20-08-2020,NSE,EQ,EQ,sell,20,145.8,50029833,1.20E+15,2020-08-20T09:15:15,1,1
JYOTHYLAB,14-08-2020,NSE,EQ,EQ,buy,10,139.3,50484906,1.20E+15,2020-08-14T09:41:05,1,1
JYOTHYLAB,05-08-2020,NSE,EQ,EQ,buy,30,136,52431188,1.20E+15,2020-08-05T14:05:12,1,1
KHADIM,04-06-2020,NSE,EQ,EQ,sell,30,118.9,50016725,1.20E+15,2020-06-04T09:15:03,1,1
KHADIM,03-06-2020,NSE,EQ,EQ,buy,30,110.5,50759475,1.20E+15,2020-06-03T09:51:36,1,1
KIRLOSBROS,22-06-2020,NSE,EQ,EQ,sell,6,113.1,51899616,1.20E+15,2020-06-22T11:28:41,1,1
KIRLOSBROS,16-07-2020,BSE,EQ,B,sell,1,111.3,2030000,1.59E+18,2020-07-16T10:35:06,1,1
KIRLOSBROS,12-06-2020,NSE,EQ,EQ,buy,15,108.6,52291902,1.20E+15,2020-06-12T13:11:01,1,1
KIRLOSBROS,22-06-2020,NSE,EQ,EQ,sell,20,113.15,51899615,1.20E+15,2020-06-22T11:28:41,1,1
KIRLOSBROS,12-06-2020,NSE,EQ,EQ,buy,3,108.45,52291900,1.20E+15,2020-06-12T13:11:01,1,1
KIRLOSBROS,16-06-2020,BSE,EQ,B,buy,79,109.2,10188500,1.59E+18,2020-06-16T14:52:08,1,1
KIRLOSBROS,16-06-2020,BSE,EQ,B,buy,2,109.2,10225100,1.59E+18,2020-06-16T14:54:03,1,1
KIRLOSBROS,15-06-2020,BSE,EQ,B,buy,5,114.15,5031700,1.59E+18,2020-06-15T11:31:03,1,1
KIRLOSBROS,18-06-2020,BSE,EQ,B,sell,80,114.65,5689200,1.59E+18,2020-06-18T13:23:48,1,1
KIRLOSBROS,12-06-2020,NSE,EQ,EQ,buy,2,108.5,52291901,1.20E+15,2020-06-12T13:11:01,1,1
KIRLOSBROS,16-06-2020,BSE,EQ,B,buy,1,109.15,10188300,1.59E+18,2020-06-16T14:52:08,1,1
LEMONTREE,12-08-2020,BSE,EQ,A,buy,100,28.8,4832400,1.60E+18,2020-08-12T11:31:01,1,1
LEMONTREE,14-08-2020,NSE,EQ,EQ,sell,100,31.3,50208931,1.20E+15,2020-08-14T09:23:53,1,1
LGBBROSLTD,25-08-2020,NSE,EQ,EQ,buy,2,256.4,50733177,1.20E+15,2020-08-25T09:44:20,1,1
LGBBROSLTD,19-08-2020,BSE,EQ,B,buy,6,260.85,2734000,1.60E+18,2020-08-19T12:26:53,1,1
LGBBROSLTD,25-08-2020,NSE,EQ,EQ,buy,2,254.65,52387599,1.20E+15,2020-08-25T12:18:31,1,1
LGBBROSLTD,19-08-2020,BSE,EQ,B,buy,4,260.4,2733800,1.60E+18,2020-08-19T12:26:53,1,1
LGBBROSLTD,10-12-2020,NSE,EQ,EQ,sell,17,280.4,50652255,1.20E+15,2020-12-10T09:47:57,1,1
LGBBROSLTD,25-08-2020,NSE,EQ,EQ,buy,3,254.5,52387598,1.20E+15,2020-08-25T12:18:31,1,1
LICHSGFIN,16-06-2020,BSE,EQ,A,sell,10,284.55,10600200,1.59E+18,2020-06-16T14:54:21,1,1
LICHSGFIN,30-07-2020,BSE,EQ,A,buy,3,265,5905400,1.60E+18,2020-07-30T14:23:17,1,1
LICHSGFIN,11-06-2020,BSE,EQ,A,buy,10,271.95,4442800,1.59E+18,2020-06-11T14:44:42,1,1
LICHSGFIN,10-11-2020,NSE,EQ,EQ,buy,10,314.9,53818709,1.20E+15,2020-11-10T14:15:29,1,1
LICHSGFIN,21-10-2020,NSE,EQ,EQ,buy,10,295.4,50669675,1.20E+15,2020-10-21T10:06:13,1,1
LICHSGFIN,22-06-2020,BSE,EQ,A,buy,10,267.55,5576600,1.59E+18,2020-06-22T12:10:44,1,1
LICHSGFIN,23-07-2020,NSE,EQ,EQ,buy,20,273.25,52431833,1.20E+15,2020-07-23T14:41:12,1,1
LICHSGFIN,07-10-2020,NSE,EQ,EQ,buy,3,287.5,50515856,1.20E+15,2020-10-07T09:55:52,1,1
LICHSGFIN,16-09-2020,BSE,EQ,A,buy,10,308,5720400,1.60E+18,2020-09-16T14:07:14,1,1
LICHSGFIN,24-08-2020,NSE,EQ,EQ,sell,43,277.75,50597762,1.20E+15,2020-08-24T09:42:29,1,1
LICHSGFIN,04-08-2020,BSE,EQ,A,buy,10,259.8,3422100,1.60E+18,2020-08-04T14:47:56,1,1
LINCOPH,14-07-2020,BSE,EQ,B,sell,10,179.2,1883400,1.59E+18,2020-07-14T10:38:08,1,1
LINCOPH,14-07-2020,BSE,EQ,B,buy,20,184.15,1728100,1.59E+18,2020-07-14T10:25:42,1,1
LINCOPH,14-07-2020,BSE,EQ,B,sell,2,179.5,1883200,1.59E+18,2020-07-14T10:38:08,1,1
LINCOPH,14-07-2020,BSE,EQ,B,sell,8,180,1882900,1.59E+18,2020-07-14T10:38:08,1,1
LOVABLE-BE,27-01-2021,NSE,EQ,BE,buy,10,76,50812222,1.20E+15,2021-01-27T09:52:48,1,1
LOVABLE,07-12-2020,BSE,EQ,B,buy,30,103.6,12263300,1.61E+18,2020-12-07T14:36:37,1,1
LOVABLE,02-02-2021,NSE,EQ,EQ,buy,45,82.5,50227667,1.20E+15,2021-02-02T09:19:15,1,1
LOVABLE,02-02-2021,NSE,EQ,EQ,buy,5,82.45,50227666,1.20E+15,2021-02-02T09:19:15,1,1
LOVABLE,10-12-2020,BSE,EQ,B,buy,10,97.5,5432000,1.61E+18,2020-12-10T09:56:19,1,1
LT,09-09-2020,BSE,EQ,A,buy,3,921.8,1797600,1.60E+18,2020-09-09T11:13:55,1,1
LT,23-10-2020,NSE,EQ,EQ,buy,1,938.8,50425459,1.20E+15,2020-10-23T09:42:27,1,1
LT,25-11-2020,NSE,EQ,EQ,buy,1,1118.5,53244787,1.20E+15,2020-11-25T14:21:36,1,1
LT,27-10-2020,NSE,EQ,EQ,buy,2,974.35,52547773,1.20E+15,2020-10-27T12:50:14,1,1
MAGADHSUGAR,11-12-2020,BSE,EQ,B,buy,30,119,2417700,1.61E+18,2020-12-11T13:15:52,1,1
MAGADHSUGAR,27-01-2021,BSE,EQ,B,buy,10,107,142100,1.61E+18,2021-01-27T09:50:36,1,1
MAHEPC,11-12-2020,BSE,EQ,B,buy,5,156.15,2875300,1.61E+18,2020-12-11T13:22:54,1,1
MAHEPC,23-10-2020,BSE,EQ,B,buy,10,160,2709200,1.60E+18,2020-10-23T11:55:23,1,1
MAHEPC,22-07-2020,NSE,EQ,EQ,sell,1,185,51061557,1.20E+15,2020-07-22T10:26:20,1,1
MAHEPC,14-12-2020,NSE,EQ,EQ,buy,2,154.4,52231424,1.20E+15,2020-12-14T12:46:33,1,1
MAHEPC,09-07-2020,BSE,EQ,B,buy,10,161.65,3058700,1.59E+18,2020-07-09T15:05:42,1,1
MAHEPC,21-07-2020,NSE,EQ,EQ,buy,25,191.95,52046428,1.20E+15,2020-07-21T12:39:26,1,1
MAHEPC,21-07-2020,NSE,EQ,EQ,buy,1,191.95,52046427,1.20E+15,2020-07-21T12:39:26,1,1
MAHEPC,21-07-2020,NSE,EQ,EQ,buy,4,191.95,52046426,1.20E+15,2020-07-21T12:39:26,1,1
MAHEPC,25-08-2020,NSE,EQ,EQ,buy,10,164,52388347,1.20E+15,2020-08-25T12:18:37,1,1
MAHEPC,09-07-2020,BSE,EQ,B,buy,3,160.85,3062100,1.59E+18,2020-07-09T15:06:05,1,1
MAHEPC,09-07-2020,BSE,EQ,B,buy,20,159,3188600,1.59E+18,2020-07-09T15:17:04,1,1
MAHEPC,10-07-2020,BSE,EQ,B,sell,1,165,3152700,1.59E+18,2020-07-10T14:33:22,1,1
MAHEPC,10-07-2020,BSE,EQ,B,buy,1,184.95,3792600,1.59E+18,2020-07-10T14:54:41,1,1
MAHEPC,10-07-2020,BSE,EQ,B,sell,33,183.45,3814500,1.59E+18,2020-07-10T14:56:26,1,1
MAHEPC,24-08-2020,BSE,EQ,B,buy,5,169.5,796600,1.60E+18,2020-08-24T09:44:17,1,1
MAHEPC,14-12-2020,NSE,EQ,EQ,buy,3,154.35,52231423,1.20E+15,2020-12-14T12:46:33,1,1
MAHEPC,12-08-2020,NSE,EQ,EQ,buy,10,163.75,52904820,1.20E+15,2020-08-12T14:33:46,1,1
MANAPPURAM,28-07-2020,BSE,EQ,A,buy,1,184.6,4524500,1.60E+18,2020-07-28T11:38:52,1,1
MANAPPURAM,28-07-2020,BSE,EQ,A,buy,10,185.7,3875900,1.60E+18,2020-07-28T10:42:43,1,1
MANAPPURAM,28-07-2020,BSE,EQ,A,sell,11,183.4,5073000,1.60E+18,2020-07-28T12:07:07,1,1
MARICO,15-07-2020,NSE,EQ,EQ,sell,40,351.9,50280597,1.20E+15,2020-07-15T09:33:42,1,1
MARICO,02-06-2020,NSE,EQ,EQ,buy,20,333.85,52126488,1.20E+15,2020-06-02T12:19:21,1,1
MARICO,15-06-2020,BSE,EQ,A,buy,20,338.05,611700,1.59E+18,2020-06-15T09:28:16,1,1
MARUTI,02-02-2021,BSE,EQ,A,buy,1,7728.1,3172300,1.61E+18,2021-02-02T10:16:29,1,1
MARUTI,11-12-2020,NSE,EQ,EQ,buy,1,7737,52560346,1.20E+15,2020-12-11T13:24:33,1,1
MARUTI,09-09-2020,BSE,EQ,A,buy,1,7166.3,2618300,1.60E+18,2020-09-09T11:12:47,1,1
MARUTI,21-10-2020,BSE,EQ,A,buy,1,6935.8,1268100,1.60E+18,2020-10-21T10:06:21,1,1
MARUTI,11-09-2020,NSE,EQ,EQ,buy,1,7237,51407750,1.20E+15,2020-09-11T11:54:31,1,1
MARUTI,14-12-2020,NSE,EQ,EQ,buy,1,7684,52221270,1.20E+15,2020-12-14T12:44:53,1,1
MCDOWELL-N,16-09-2020,NSE,EQ,EQ,buy,3,544.35,51877323,1.20E+15,2020-09-16T12:26:11,1,1
MCDOWELL-N,29-05-2020,NSE,EQ,EQ,sell,10,573.1,51248053,1.20E+15,2020-05-29T10:42:33,1,1
MCDOWELL-N,14-12-2020,NSE,EQ,EQ,buy,1,595.3,52226186,1.20E+15,2020-12-14T12:45:36,1,1
MCDOWELL-N,29-05-2020,NSE,EQ,EQ,sell,1,573.1,51248050,1.20E+15,2020-05-29T10:42:33,1,1
MCDOWELL-N,23-10-2020,NSE,EQ,EQ,buy,1,523.8,51300380,1.20E+15,2020-10-23T11:55:46,1,1
MCDOWELL-N,29-05-2020,NSE,EQ,EQ,sell,1,573.1,51248051,1.20E+15,2020-05-29T10:42:33,1,1
MCDOWELL-N,29-05-2020,NSE,EQ,EQ,sell,3,573.1,51248049,1.20E+15,2020-05-29T10:42:33,1,1
MCDOWELL-N,29-05-2020,NSE,EQ,EQ,sell,5,573.1,51248052,1.20E+15,2020-05-29T10:42:33,1,1
MCX,21-10-2020,NSE,EQ,EQ,sell,2,1822.7,50965902,1.20E+15,2020-10-21T10:42:15,1,1
MCX,23-07-2020,NSE,EQ,EQ,sell,1,1501.15,50758344,1.20E+15,2020-07-23T10:20:41,1,1
MCX,16-09-2020,BSE,EQ,A,buy,2,1692.75,6037400,1.60E+18,2020-09-16T14:27:11,1,1
MCX,23-07-2020,NSE,EQ,EQ,sell,1,1501.05,50758345,1.20E+15,2020-07-23T10:20:41,1,1
MCX,20-07-2020,BSE,EQ,A,buy,2,1420,8055200,1.60E+18,2020-07-20T14:16:01,1,1
MEGH,21-07-2020,BSE,EQ,A,sell,50,61,4143200,1.60E+18,2020-07-21T11:32:43,1,1
MEGH,20-07-2020,BSE,EQ,A,buy,50,63,1815600,1.60E+18,2020-07-20T10:51:47,1,1
M&M,14-08-2020,BSE,EQ,A,buy,4,633.1,1353000,1.60E+18,2020-08-14T10:59:38,1,1
M&M,09-09-2020,BSE,EQ,A,buy,1,609.15,228000,1.60E+18,2020-09-09T09:22:34,1,1
M&M,16-09-2020,BSE,EQ,A,buy,10,642.9,3938100,1.60E+18,2020-09-16T11:55:45,1,1
M&M,12-06-2020,NSE,EQ,EQ,sell,20,506.3,53549855,1.20E+15,2020-06-12T15:13:29,1,1
M&M,21-08-2020,NSE,EQ,EQ,buy,2,618,50777966,1.20E+15,2020-08-21T09:56:33,1,1
M&M,24-08-2020,BSE,EQ,A,buy,2,609.8,666900,1.60E+18,2020-08-24T09:43:53,1,1
M&M,03-06-2020,BSE,EQ,A,buy,20,478.15,2234900,1.59E+18,2020-06-03T12:22:14,1,1
MPHASIS,13-08-2020,BSE,EQ,A,sell,3,1181.6,1198900,1.60E+18,2020-08-13T09:48:43,1,1
MPHASIS,24-07-2020,BSE,EQ,A,sell,1,1117.3,3719300,1.60E+18,2020-07-24T13:27:04,1,1
MPHASIS,28-07-2020,BSE,EQ,A,buy,3,1163.95,1988900,1.60E+18,2020-07-28T11:37:55,1,1
MPHASIS,16-07-2020,BSE,EQ,A,buy,2,1074.35,2427000,1.59E+18,2020-07-16T11:29:38,1,1
MPHASIS,24-07-2020,BSE,EQ,A,sell,1,1117.3,3719100,1.60E+18,2020-07-24T13:27:04,1,1
MPHASIS,13-08-2020,BSE,EQ,A,sell,1,1182.2,1198700,1.60E+18,2020-08-13T09:48:43,1,1
MPHASIS,27-07-2020,BSE,EQ,A,sell,2,1115,4297300,1.60E+18,2020-07-27T15:08:32,1,1
MPHASIS,24-07-2020,BSE,EQ,A,buy,3,1140.05,4412500,1.60E+18,2020-07-24T13:48:40,1,1
NATCOPHARM,24-08-2020,BSE,EQ,A,buy,1,844.25,2681600,1.60E+18,2020-08-24T09:44:27,1,1
NATCOPHARM,21-08-2020,BSE,EQ,A,buy,4,852.4,3288700,1.60E+18,2020-08-21T10:04:40,1,1
NATCOPHARM,16-09-2020,NSE,EQ,EQ,buy,2,794.75,50321332,1.20E+15,2020-09-16T09:31:49,1,1
NBCC,08-06-2020,BSE,EQ,A,sell,1000,24.85,1001800,1.59E+18,2020-06-08T09:24:32,1,1
NBCC,05-06-2020,BSE,EQ,A,buy,1000,20.7,2620100,1.59E+18,2020-06-05T10:04:46,1,1
NETWORK18,16-12-2020,NSE,EQ,EQ,buy,10,36.5,51056353,1.20E+15,2020-12-16T10:06:44,1,1
NETWORK18,28-08-2020,NSE,EQ,EQ,buy,4,40.1,52549561,1.20E+15,2020-08-28T13:03:24,1,1
NETWORK18,22-07-2020,BSE,EQ,A,buy,20,45.35,14685900,1.60E+18,2020-07-22T14:54:06,1,1
NETWORK18,20-07-2020,BSE,EQ,A,buy,8,44.7,5988400,1.60E+18,2020-07-20T10:52:25,1,1
NETWORK18,20-07-2020,BSE,EQ,A,buy,2,44.65,5988200,1.60E+18,2020-07-20T10:52:25,1,1
NETWORK18,17-08-2020,NSE,EQ,EQ,buy,1,40.1,50449145,1.20E+15,2020-08-17T09:37:24,1,1
NETWORK18,11-12-2020,BSE,EQ,A,buy,10,36.95,11472600,1.61E+18,2020-12-11T13:24:02,1,1
NETWORK18,28-07-2020,NSE,EQ,EQ,buy,1,41.55,51681777,1.20E+15,2020-07-28T11:39:26,1,1
NETWORK18,22-07-2020,BSE,EQ,A,buy,20,49.3,4113800,1.60E+18,2020-07-22T10:13:07,1,1
NETWORK18,23-10-2020,BSE,EQ,A,buy,100,35.05,2135700,1.60E+18,2020-10-23T09:42:12,1,1
NETWORK18,25-08-2020,BSE,EQ,A,buy,4,40.05,16501600,1.60E+18,2020-08-25T14:46:07,1,1
NETWORK18,06-08-2020,BSE,EQ,A,buy,10,41.9,2822700,1.60E+18,2020-08-06T09:51:21,1,1
NEULANDLAB,15-07-2020,BSE,EQ,B,buy,3,669.05,779800,1.59E+18,2020-07-15T10:14:47,1,1
NEULANDLAB,15-07-2020,BSE,EQ,B,sell,2,649,3018900,1.59E+18,2020-07-15T15:25:21,1,1
NEULANDLAB,15-07-2020,BSE,EQ,B,sell,1,649,3037000,1.59E+18,2020-07-15T15:26:25,1,1
NH,28-07-2020,BSE,EQ,A,sell,15,314.4,2907600,1.60E+18,2020-07-28T11:23:47,1,1
NH,02-06-2020,NSE,EQ,EQ,buy,20,305.2,52111465,1.20E+15,2020-06-02T12:17:07,1,1
NH,09-10-2020,NSE,EQ,EQ,buy,4,349.85,51565819,1.20E+15,2020-10-09T11:58:03,1,1
NH,05-06-2020,NSE,EQ,EQ,buy,10,284.7,51647343,1.20E+15,2020-06-05T11:33:26,1,1
NH,01-09-2020,NSE,EQ,EQ,buy,1,320.65,50499808,1.20E+15,2020-09-01T09:44:36,1,1
NH,10-12-2020,NSE,EQ,EQ,sell,4,380.05,50746774,1.20E+15,2020-12-10T09:54:49,1,1
NH,09-09-2020,BSE,EQ,A,buy,1,297.1,658000,1.60E+18,2020-09-09T09:24:54,1,1
NH,12-08-2020,BSE,EQ,A,sell,17,326.7,970700,1.60E+18,2020-08-12T10:05:08,1,1
NH,12-08-2020,BSE,EQ,A,sell,2,326.9,970500,1.60E+18,2020-08-12T10:05:08,1,1
NH,23-10-2020,BSE,EQ,A,buy,1,333.35,803900,1.60E+18,2020-10-23T09:41:11,1,1
NH,23-10-2020,BSE,EQ,A,buy,9,333.2,803700,1.60E+18,2020-10-23T09:41:11,1,1
NH,05-08-2020,NSE,EQ,EQ,buy,3,286.2,51811255,1.20E+15,2020-08-05T12:20:44,1,1
NH,30-07-2020,NSE,EQ,EQ,buy,1,291.8,50529643,1.20E+15,2020-07-30T09:52:28,1,1
NH,19-08-2020,BSE,EQ,A,buy,10,348.15,4813400,1.60E+18,2020-08-19T12:52:22,1,1
NH,10-12-2020,NSE,EQ,EQ,sell,24,380.05,50746773,1.20E+15,2020-12-10T09:54:49,1,1
NH,16-09-2020,NSE,EQ,EQ,buy,2,347.1,50323212,1.20E+15,2020-09-16T09:31:57,1,1
NIITLTD,16-09-2020,NSE,EQ,EQ,sell,32,141.35,50304645,1.20E+15,2020-09-16T09:30:30,1,1
NIITLTD,07-09-2020,BSE,EQ,B,buy,2,123.65,1658900,1.60E+18,2020-09-07T10:56:22,1,1
NIITLTD,16-07-2020,NSE,EQ,EQ,buy,30,100.45,50213005,1.20E+15,2020-07-16T09:25:40,1,1
NIITLTD,24-08-2020,BSE,EQ,B,buy,30,129.5,5784800,1.60E+18,2020-08-24T13:16:04,1,1
NIITLTD,25-08-2020,BSE,EQ,B,buy,10,131.6,4545800,1.60E+18,2020-08-25T12:16:47,1,1
NIITLTD,17-07-2020,NSE,EQ,EQ,sell,30,95.45,50175050,1.20E+15,2020-07-17T09:22:03,1,1
NIITLTD,28-08-2020,NSE,EQ,EQ,buy,10,129.3,52541346,1.20E+15,2020-08-28T13:02:10,1,1
NIITLTD,01-09-2020,NSE,EQ,EQ,buy,1,118.2,52133807,1.20E+15,2020-09-01T13:03:46,1,1
NIITLTD,25-08-2020,NSE,EQ,EQ,sell,30,135.2,52632694,1.20E+15,2020-08-25T12:48:20,1,1
NIITLTD,01-09-2020,NSE,EQ,EQ,buy,9,118.2,52133808,1.20E+15,2020-09-01T13:03:46,1,1
NIITLTD,27-10-2020,BSE,EQ,B,buy,30,144.35,2624900,1.60E+18,2020-10-27T12:58:11,1,1
NOCIL,14-07-2020,BSE,EQ,A,buy,30,105.6,4588600,1.59E+18,2020-07-14T13:17:12,1,1
NOCIL,15-07-2020,NSE,EQ,EQ,sell,30,110.7,50501392,1.20E+15,2020-07-15T09:53:27,1,1
NTPC,21-08-2020,BSE,EQ,A,sell,60,106,5283900,1.60E+18,2020-08-21T12:33:16,1,1
NTPC,22-07-2020,BSE,EQ,A,buy,50,90.2,2237800,1.60E+18,2020-07-22T10:09:11,1,1
NTPC,12-08-2020,NSE,EQ,EQ,buy,10,88.3,52980406,1.20E+15,2020-08-12T14:40:56,1,1
OAL,15-07-2020,NSE,EQ,EQ,sell,10,284.1,50276224,1.20E+15,2020-07-15T09:33:18,1,1
OAL,30-07-2020,NSE,EQ,EQ,sell,8,365.3,50436936,1.20E+15,2020-07-30T09:43:20,1,1
OAL,30-07-2020,NSE,EQ,EQ,sell,2,365.35,50436935,1.20E+15,2020-07-30T09:43:20,1,1
OAL,30-07-2020,BSE,EQ,B,sell,10,360,577200,1.60E+18,2020-07-30T09:33:21,1,1
OAL,28-07-2020,BSE,EQ,B,buy,20,342.8,2194700,1.60E+18,2020-07-28T10:46:55,1,1
OAL,14-07-2020,BSE,EQ,B,buy,10,263,14236600,1.59E+18,2020-07-14T13:50:22,1,1
PAPERPROD,30-07-2020,NSE,EQ,EQ,sell,6,238.75,51746928,1.20E+15,2020-07-30T12:34:03,1,1
PAPERPROD,17-07-2020,BSE,EQ,B,buy,4,213.85,553800,1.59E+18,2020-07-17T10:11:27,1,1
PAPERPROD,21-07-2020,NSE,EQ,EQ,buy,2,222.45,52065327,1.20E+15,2020-07-21T12:42:28,1,1
PHILIPCARB,06-08-2020,BSE,EQ,A,buy,7,107.1,2830400,1.60E+18,2020-08-06T14:06:05,1,1
PHILIPCARB,30-07-2020,NSE,EQ,EQ,buy,10,101.8,50488759,1.20E+15,2020-07-30T09:48:22,1,1
PHILIPCARB,10-08-2020,NSE,EQ,EQ,sell,70,107.05,50265121,1.20E+15,2020-08-10T09:26:01,1,1
PHILIPCARB,05-08-2020,NSE,EQ,EQ,buy,10,102.15,50308612,1.20E+15,2020-08-05T09:30:37,1,1
PHILIPCARB,15-07-2020,NSE,EQ,EQ,buy,30,109,50373970,1.20E+15,2020-07-15T09:41:45,1,1
PHILIPCARB,16-07-2020,NSE,EQ,EQ,buy,30,101.4,51259821,1.20E+15,2020-07-16T11:09:19,1,1
PHILIPCARB,16-07-2020,NSE,EQ,EQ,sell,30,103.5,50146781,1.20E+15,2020-07-16T09:21:39,1,1
PHILIPCARB,06-08-2020,BSE,EQ,A,buy,3,107.15,2830600,1.60E+18,2020-08-06T14:06:05,1,1
PHILIPCARB,06-08-2020,BSE,EQ,A,buy,10,107.2,2827200,1.60E+18,2020-08-06T14:05:44,1,1
PIDILITIND,27-01-2021,BSE,EQ,A,buy,1,1718.45,5141200,1.61E+18,2021-01-27T15:24:29,1,1
PIDILITIND,03-02-2021,BSE,EQ,A,buy,1,1749.7,4062600,1.61E+18,2021-02-03T13:33:09,1,1
POLYMED,21-07-2020,BSE,EQ,B,sell,5,384.9,503300,1.60E+18,2020-07-21T09:46:36,1,1
POLYMED,23-10-2020,BSE,EQ,B,buy,10,495,940800,1.60E+18,2020-10-23T10:19:36,1,1
POLYMED,16-07-2020,BSE,EQ,B,buy,5,377.25,1352000,1.59E+18,2020-07-16T11:28:59,1,1
POLYMED,16-12-2020,NSE,EQ,EQ,buy,1,522.4,51044159,1.20E+15,2020-12-16T10:05:44,1,1
POWERGRID,15-06-2020,NSE,EQ,EQ,buy,30,164.35,50464766,1.20E+15,2020-06-15T09:40:56,1,1
POWERGRID,24-08-2020,NSE,EQ,EQ,buy,10,187.65,50565270,1.20E+15,2020-08-24T09:40:35,1,1
POWERGRID,24-06-2020,BSE,EQ,A,sell,30,183.65,9239800,1.59E+18,2020-06-24T11:13:57,1,1
PRESTIGE,19-08-2020,BSE,EQ,A,buy,15,252,1453900,1.60E+18,2020-08-19T10:11:21,1,1
PRESTIGE,23-10-2020,NSE,EQ,EQ,buy,10,254.95,51290380,1.20E+15,2020-10-23T11:53:30,1,1
PRESTIGE,25-08-2020,BSE,EQ,A,buy,4,236.65,3224700,1.60E+18,2020-08-25T12:19:17,1,1
PRESTIGE,09-09-2020,BSE,EQ,A,buy,2,230.3,536500,1.60E+18,2020-09-09T09:25:02,1,1
PTC,24-06-2020,NSE,EQ,EQ,sell,50,46.95,51975411,1.20E+15,2020-06-24T11:14:04,1,1
PTC,11-09-2020,BSE,EQ,A,buy,100,59,845800,1.60E+18,2020-09-11T09:22:21,1,1
PTC,17-06-2020,NSE,EQ,EQ,buy,50,39.9,52376225,1.20E+15,2020-06-17T13:38:12,1,1
PTC,03-02-2021,BSE,EQ,A,buy,30,62.65,7565800,1.61E+18,2021-02-03T13:32:24,1,1
PTC,09-10-2020,BSE,EQ,A,buy,10,48.4,3199600,1.60E+18,2020-10-09T11:58:15,1,1
QUICKHEAL,11-08-2020,NSE,EQ,EQ,buy,10,142.75,50208821,1.20E+15,2020-08-11T09:22:36,1,1
QUICKHEAL,06-08-2020,BSE,EQ,B,buy,30,117.9,2000400,1.60E+18,2020-08-06T14:23:37,1,1
QUICKHEAL,11-08-2020,BSE,EQ,B,sell,30,146,250900,1.60E+18,2020-08-11T09:16:26,1,1
QUICKHEAL,11-08-2020,NSE,EQ,EQ,sell,20,139.05,51341148,1.20E+15,2020-08-11T10:45:41,1,1
QUICKHEAL,11-08-2020,NSE,EQ,EQ,buy,10,142.75,50208820,1.20E+15,2020-08-11T09:22:36,1,1
RADICO,18-06-2020,NSE,EQ,EQ,buy,10,366.95,75560838,1.30E+15,2020-06-18T09:45:37,1,1
RADICO,24-06-2020,NSE,EQ,EQ,sell,11,381.55,77135030,1.30E+15,2020-06-24T11:14:14,1,1
RADICO,16-06-2020,BSE,EQ,A,buy,1,361.6,30299000,1.59E+18,2020-06-16T15:02:54,1,1
RAIN,14-08-2020,NSE,EQ,EQ,sell,30,113.4,76776619,1.30E+15,2020-08-14T10:57:44,1,1
RAIN,12-08-2020,BSE,EQ,A,buy,30,110.05,4161800,1.60E+18,2020-08-12T14:44:18,1,1
RAJESHEXPO,11-12-2020,NSE,EQ,EQ,buy,1,479,78266825,1.30E+15,2020-12-11T13:26:04,1,1
RAJESHEXPO,19-08-2020,BSE,EQ,A,buy,1,467,2639600,1.60E+18,2020-08-19T10:05:01,1,1
RAJESHEXPO,04-08-2020,BSE,EQ,A,buy,4,488.75,8798300,1.60E+18,2020-08-04T13:55:49,1,1
RAYMOND,07-12-2020,BSE,EQ,A,sell,10,338.6,10014000,1.61E+18,2020-12-07T14:00:53,1,1
RAYMOND,25-08-2020,BSE,EQ,A,buy,10,285.4,2919200,1.60E+18,2020-08-25T12:16:28,1,1
RBLBANK,31-08-2020,BSE,EQ,A,sell,15,197.35,12166400,1.60E+18,2020-08-31T11:43:04,1,1
RBLBANK,12-08-2020,BSE,EQ,A,buy,15,188.7,10827900,1.60E+18,2020-08-12T14:14:51,1,1
RELIANCE,20-11-2020,NSE,EQ,EQ,buy,1,1926.25,77834771,1.30E+15,2020-11-20T12:13:43,1,1
RELIANCE,27-01-2021,NSE,EQ,EQ,buy,1,1903,76135050,1.30E+15,2021-01-27T09:48:12,1,1
RELIANCE,03-08-2020,NSE,EQ,EQ,sell,18,2029.2,76816774,1.30E+15,2020-08-03T10:53:37,1,1
RELIANCE,24-07-2020,BSE,EQ,A,buy,3,2143.05,9463600,1.60E+18,2020-07-24T10:10:55,1,1
RELIANCE,24-07-2020,BSE,EQ,A,buy,9,2138.35,9894700,1.60E+18,2020-07-24T10:16:47,1,1
RELIANCE,10-09-2020,BSE,EQ,A,buy,5,2314,22888000,1.60E+18,2020-09-10T15:16:05,1,1
RELIANCE,10-12-2020,NSE,EQ,EQ,buy,1,2006.75,76412931,1.30E+15,2020-12-10T09:56:57,1,1
RELIANCE,23-07-2020,BSE,EQ,A,sell,6,2042.35,24593500,1.60E+18,2020-07-23T14:38:15,1,1
RELIANCE,19-06-2020,NSE,EQ,EQ,buy,8,1676.7,75693085,1.30E+15,2020-06-19T09:41:49,1,1
RELIANCE,22-06-2020,NSE,EQ,EQ,buy,4,1768.95,75217258,1.30E+15,2020-06-22T09:21:10,1,1
RELIGARE,01-09-2020,BSE,EQ,B,buy,100,38.3,1508000,1.60E+18,2020-09-01T12:15:49,1,1
RELIGARE,12-08-2020,BSE,EQ,B,buy,150,35.75,3863700,1.60E+18,2020-08-12T14:53:32,1,1
RELIGARE,04-09-2020,NSE,EQ,EQ,sell,2,41.7,78085729,1.30E+15,2020-09-04T14:10:03,1,1
RELIGARE,04-09-2020,NSE,EQ,EQ,sell,95,41.7,78085728,1.30E+15,2020-09-04T14:10:03,1,1
RELIGARE,28-08-2020,NSE,EQ,EQ,sell,150,42.5,75281451,1.30E+15,2020-08-28T09:23:23,1,1
RELIGARE,04-09-2020,NSE,EQ,EQ,sell,3,41.7,78085730,1.30E+15,2020-09-04T14:10:03,1,1
REPCOHOME,20-11-2020,NSE,EQ,EQ,sell,10,234,77806769,1.30E+15,2020-11-20T12:11:00,1,1
REPCOHOME,25-08-2020,BSE,EQ,A,buy,20,158.35,3299000,1.60E+18,2020-08-25T09:44:55,1,1
REPCOHOME,31-08-2020,BSE,EQ,A,sell,20,191.05,41400,1.60E+18,2020-08-31T09:15:04,1,1
REPCOHOME,21-10-2020,BSE,EQ,A,buy,10,199,1769600,1.60E+18,2020-10-21T09:59:09,1,1
REPCOHOME,14-11-2020,BSE,EQ,A,sell,25,241,216800,1.61E+18,2020-11-14T18:17:48,1,1
REPCOHOME,09-10-2020,BSE,EQ,A,buy,14,213.85,5082500,1.60E+18,2020-10-09T11:34:04,1,1
REPCOHOME,09-10-2020,BSE,EQ,A,buy,1,213.8,5082300,1.60E+18,2020-10-09T11:34:04,1,1
REPCOHOME,09-10-2020,BSE,EQ,A,buy,10,214.25,5041000,1.60E+18,2020-10-09T11:33:48,1,1
ROSSARI,23-07-2020,BSE,EQ,B,buy,3,731.45,20963700,1.60E+18,2020-07-23T14:47:13,1,1
ROSSARI,23-07-2020,BSE,EQ,B,sell,1,738.05,11748000,1.60E+18,2020-07-23T13:21:08,1,1
ROSSARI,23-07-2020,BSE,EQ,B,sell,2,738.05,11749200,1.60E+18,2020-07-23T13:21:09,1,1
ROSSARI,24-07-2020,BSE,EQ,B,sell,3,768.35,154700,1.60E+18,2020-07-24T09:15:21,1,1
ROSSARI,23-07-2020,BSE,EQ,B,buy,3,700.65,8882500,1.60E+18,2020-07-23T11:36:04,1,1
RPGLIFE,04-08-2020,BSE,EQ,B,sell,20,348,931000,1.60E+18,2020-08-04T10:03:53,1,1
RPGLIFE,30-07-2020,BSE,EQ,B,buy,14,326.15,2300300,1.60E+18,2020-07-30T12:45:37,1,1
RPGLIFE,30-07-2020,BSE,EQ,B,buy,6,326.4,2300500,1.60E+18,2020-07-30T12:45:37,1,1
SAIL,05-06-2020,BSE,EQ,A,buy,50,32.7,2587400,1.59E+18,2020-06-05T11:11:15,1,1
SAIL,22-06-2020,NSE,EQ,EQ,buy,10,31.3,78770575,1.30E+15,2020-06-22T14:03:07,1,1
SAIL,10-12-2020,NSE,EQ,EQ,sell,100,53.2,76358400,1.30E+15,2020-12-10T09:54:39,1,1
SAIL,22-06-2020,NSE,EQ,EQ,buy,30,31.3,78761515,1.30E+15,2020-06-22T14:02:19,1,1
SAIL,24-06-2020,NSE,EQ,EQ,sell,130,32.4,77137902,1.30E+15,2020-06-24T11:14:25,1,1
SAIL,15-06-2020,NSE,EQ,EQ,buy,15,29.95,75002688,1.30E+15,2020-06-15T09:07:25,1,1
SAIL,27-10-2020,BSE,EQ,A,buy,100,34.55,4165700,1.60E+18,2020-10-27T12:53:41,1,1
SAIL,19-06-2020,NSE,EQ,EQ,buy,75,30.25,76215352,1.30E+15,2020-06-19T10:20:51,1,1
SAIL,08-06-2020,BSE,EQ,A,sell,50,34.35,43900,1.59E+18,2020-06-08T09:15:18,1,1
SARDAEN,13-08-2020,BSE,EQ,B,buy,10,245.6,638900,1.60E+18,2020-08-13T09:50:06,1,1
SARDAEN,06-08-2020,BSE,EQ,B,sell,28,202.55,2934000,1.60E+18,2020-08-06T13:48:36,1,1
SARDAEN,13-08-2020,BSE,EQ,B,sell,10,243.15,1397800,1.60E+18,2020-08-13T11:13:22,1,1
SARDAEN,04-08-2020,BSE,EQ,B,buy,28,182,529200,1.60E+18,2020-08-04T10:44:14,1,1
SBICARD,16-07-2020,BSE,EQ,B,buy,4,714.7,4129100,1.59E+18,2020-07-16T11:31:15,1,1
SBICARD,20-07-2020,BSE,EQ,B,sell,4,739,4157800,1.60E+18,2020-07-20T10:43:38,1,1
SBICARD,20-04-2020,BSE,EQ,B,buy,10,535.95,60400,1.59E+18,2020-04-20T09:15:51,1,1
SBICARD,03-06-2020,NSE,EQ,EQ,sell,10,598.3,76509750,1.30E+15,2020-06-03T10:29:04,1,1
SBIN,24-06-2020,NSE,EQ,EQ,buy,10,189.85,78522655,1.30E+15,2020-06-24T13:12:37,1,1
SBIN,31-08-2020,NSE,EQ,EQ,sell,30,217.15,77823573,1.30E+15,2020-08-31T11:43:10,1,1
SBIN,10-07-2020,NSE,EQ,EQ,sell,35,195.95,77600718,1.30E+15,2020-07-10T12:34:08,1,1
SBIN,11-09-2020,BSE,EQ,A,buy,20,200.25,456600,1.60E+18,2020-09-11T09:32:11,1,1
SBIN,18-09-2020,BSE,EQ,A,buy,2,195.35,2355800,1.60E+18,2020-09-18T11:06:47,1,1
SBIN,12-08-2020,BSE,EQ,A,buy,20,202,10958900,1.60E+18,2020-08-12T13:40:53,1,1
SBIN,09-10-2020,NSE,EQ,EQ,buy,10,194.9,77036646,1.30E+15,2020-10-09T11:58:54,1,1
SBIN,22-06-2020,NSE,EQ,EQ,buy,25,187.75,77252170,1.30E+15,2020-06-22T11:34:55,1,1
SBIN,19-08-2020,NSE,EQ,EQ,buy,10,198.15,76181980,1.30E+15,2020-08-19T10:04:47,1,1
SEQUENT,15-07-2020,BSE,EQ,B,buy,28,108.95,565300,1.59E+18,2020-07-15T10:11:28,1,1
SEQUENT,15-07-2020,BSE,EQ,B,sell,30,105.7,1037500,1.59E+18,2020-07-15T11:13:33,1,1
SEQUENT,15-07-2020,BSE,EQ,B,buy,22,105.5,1164400,1.59E+18,2020-07-15T11:34:25,1,1
SEQUENT,15-07-2020,BSE,EQ,B,buy,8,105.55,1164600,1.59E+18,2020-07-15T11:34:25,1,1
SEQUENT,15-07-2020,BSE,EQ,B,buy,2,108.9,565000,1.59E+18,2020-07-15T10:11:28,1,1
SEQUENT,22-07-2020,BSE,EQ,B,sell,30,103.55,1504600,1.60E+18,2020-07-22T13:25:31,1,1
SGBJUN27-GB,09-09-2020,NSE,EQ,GB,sell,10,4935.25,75233631,1.30E+15,2020-09-09T09:20:46,1,1
SHIL,25-08-2020,NSE,EQ,EQ,buy,1,87.9,77500030,1.30E+15,2020-08-25T12:19:49,1,1
SHIL,20-11-2020,NSE,EQ,EQ,sell,10,117.5,77795067,1.30E+15,2020-11-20T12:09:43,1,1
SHIL,20-11-2020,NSE,EQ,EQ,sell,8,117.5,77795066,1.30E+15,2020-11-20T12:09:43,1,1
SHIL,24-08-2020,NSE,EQ,EQ,buy,50,95,76714278,1.30E+15,2020-08-24T10:51:24,1,1
SHIL,24-08-2020,NSE,EQ,EQ,buy,2,93.5,77106264,1.30E+15,2020-08-24T11:28:32,1,1
SHIL,24-08-2020,NSE,EQ,EQ,buy,2,93.5,77106265,1.30E+15,2020-08-24T11:28:32,1,1
SHIL,24-08-2020,NSE,EQ,EQ,buy,15,93.5,77106266,1.30E+15,2020-08-24T11:28:32,1,1
SHIL,24-08-2020,NSE,EQ,EQ,buy,1,93.5,77106267,1.30E+15,2020-08-24T11:28:32,1,1
SHIL,28-08-2020,NSE,EQ,EQ,buy,4,90.25,77990493,1.30E+15,2020-08-28T13:00:05,1,1
SHIL,28-08-2020,NSE,EQ,EQ,buy,6,90.4,77990494,1.30E+15,2020-08-28T13:00:05,1,1
SHIL,20-11-2020,NSE,EQ,EQ,sell,63,117.5,77795068,1.30E+15,2020-11-20T12:09:43,1,1
SHIVALIK-X,10-07-2020,BSE,EQ,X,buy,2,361.55,5835700,1.59E+18,2020-07-10T12:56:09,1,1
SHIVALIK-X,16-07-2020,BSE,EQ,X,sell,10,371.3,2232600,1.59E+18,2020-07-16T10:34:55,1,1
SHIVALIK-X,10-07-2020,BSE,EQ,X,buy,8,360,5835500,1.59E+18,2020-07-10T12:56:09,1,1
SIEMENS,11-12-2020,NSE,EQ,EQ,buy,1,1529,78260005,1.30E+15,2020-12-11T13:25:17,1,1
SIEMENS,09-09-2020,NSE,EQ,EQ,buy,1,1188.8,75356675,1.30E+15,2020-09-09T09:25:14,1,1
SIEMENS,17-08-2020,BSE,EQ,A,buy,5,1213.35,1463000,1.60E+18,2020-08-17T09:35:33,1,1
SIEMENS,27-10-2020,BSE,EQ,A,buy,1,1263.5,2485500,1.60E+18,2020-10-27T12:51:51,1,1
SONATSOFTW,25-11-2020,NSE,EQ,EQ,buy,4,343.15,78882240,1.30E+15,2020-11-25T14:21:59,1,1
SONATSOFTW,09-10-2020,NSE,EQ,EQ,buy,10,328.55,76967219,1.30E+15,2020-10-09T11:51:11,1,1
SPARC,07-08-2020,NSE,EQ,EQ,buy,10,183.15,76074905,1.30E+15,2020-08-07T10:03:07,1,1
SPARC,06-08-2020,BSE,EQ,A,buy,10,184.5,915400,1.60E+18,2020-08-06T09:52:42,1,1
SPARC,04-08-2020,NSE,EQ,EQ,sell,35,173.7,79097353,1.30E+15,2020-08-04T14:46:50,1,1
SPARC,28-08-2020,BSE,EQ,A,sell,30,193.75,5942800,1.60E+18,2020-08-28T14:46:01,1,1
SPARC,10-07-2020,BSE,EQ,A,buy,15,169.6,6505400,1.59E+18,2020-07-10T15:16:47,1,1
SPARC,03-08-2020,NSE,EQ,EQ,buy,10,181.4,76940966,1.30E+15,2020-08-03T11:05:12,1,1
SPARC,31-07-2020,BSE,EQ,A,buy,20,172.45,6158600,1.60E+18,2020-07-31T14:54:13,1,1
SPIC,10-08-2020,BSE,EQ,B,sell,150,23.5,223300,1.60E+18,2020-08-10T09:28:51,1,1
SPIC,28-08-2020,NSE,EQ,EQ,buy,1,22.7,78031526,1.30E+15,2020-08-28T13:04:31,1,1
SPIC,01-09-2020,NSE,EQ,EQ,buy,100,21.2,77781071,1.30E+15,2020-09-01T13:12:21,1,1
SPIC,24-08-2020,BSE,EQ,B,buy,10,22.2,1259100,1.60E+18,2020-08-24T11:20:23,1,1
SPIC,25-08-2020,BSE,EQ,B,buy,1,21.4,1549000,1.60E+18,2020-08-25T14:46:29,1,1
SPIC,25-08-2020,BSE,EQ,B,buy,1,21.35,1131700,1.60E+18,2020-08-25T12:20:37,1,1
SPIC,25-08-2020,BSE,EQ,B,buy,1,21.3,1128400,1.60E+18,2020-08-25T12:20:11,1,1
SPIC,12-08-2020,NSE,EQ,EQ,buy,50,23.45,78848579,1.30E+15,2020-08-12T14:34:57,1,1
SPIC,25-11-2020,BSE,EQ,B,buy,1,19.45,1876400,1.61E+18,2020-11-25T14:25:27,1,1
SPIC,10-12-2020,NSE,EQ,EQ,sell,215,23.7,76321167,1.30E+15,2020-12-10T09:53:09,1,1
SPIC,06-08-2020,NSE,EQ,EQ,buy,50,23.65,75905167,1.30E+15,2020-08-06T09:53:00,1,1
SPIC,04-08-2020,BSE,EQ,B,buy,4,23.15,492300,1.60E+18,2020-08-04T11:04:09,1,1
SPIC,04-08-2020,BSE,EQ,B,buy,146,23.2,492500,1.60E+18,2020-08-04T11:04:09,1,1
SPICEJET,10-12-2020,BSE,EQ,A,sell,80,88.9,972600,1.61E+18,2020-12-10T09:49:44,1,1
SPICEJET,04-02-2021,NSE,EQ,EQ,buy,30,86.4,78868631,1.30E+15,2021-02-04T13:22:57,1,1
SPICEJET,10-12-2020,BSE,EQ,A,sell,50,88.95,972300,1.61E+18,2020-12-10T09:49:44,1,1
SPICEJET,03-02-2021,NSE,EQ,EQ,buy,30,85.6,79661682,1.30E+15,2021-02-03T13:32:57,1,1
SPICEJET,17-09-2020,NSE,EQ,EQ,buy,10,52.25,77881054,1.30E+15,2020-09-17T13:50:35,1,1
SPICEJET,01-02-2021,BSE,EQ,A,buy,5,83.75,1313900,1.61E+18,2021-02-01T12:17:04,1,1
SPICEJET,01-02-2021,BSE,EQ,A,buy,95,83.8,1314100,1.61E+18,2021-02-01T12:17:04,1,1
SPICEJET,16-09-2020,BSE,EQ,A,buy,10,52.7,735600,1.60E+18,2020-09-16T10:57:38,1,1
SPICEJET,23-10-2020,BSE,EQ,A,buy,100,50.7,265100,1.60E+18,2020-10-23T09:40:16,1,1
SPICEJET,25-11-2020,BSE,EQ,A,buy,10,69.3,1196400,1.61E+18,2020-11-25T14:21:13,1,1
STARCEMENT,19-08-2020,NSE,EQ,EQ,sell,70,93.3,76251172,1.30E+15,2020-08-19T10:09:25,1,1
STARCEMENT,17-08-2020,BSE,EQ,A,buy,20,87.8,998900,1.60E+18,2020-08-17T09:33:39,1,1
STARCEMENT,11-08-2020,BSE,EQ,A,buy,10,91.5,4521100,1.60E+18,2020-08-11T11:17:05,1,1
STARCEMENT,11-08-2020,BSE,EQ,A,buy,20,91.35,4520900,1.60E+18,2020-08-11T11:17:05,1,1
STARCEMENT,17-08-2020,BSE,EQ,A,buy,5,87.95,999300,1.60E+18,2020-08-17T09:33:39,1,1
STARCEMENT,17-08-2020,BSE,EQ,A,buy,5,87.85,999100,1.60E+18,2020-08-17T09:33:39,1,1
STARCEMENT,12-08-2020,NSE,EQ,EQ,buy,10,88.65,78857707,1.30E+15,2020-08-12T14:35:45,1,1
SUDARSCHEM,05-08-2020,BSE,EQ,A,buy,10,443,1489300,1.60E+18,2020-08-05T10:50:12,1,1
SUDARSCHEM,22-10-2020,BSE,EQ,A,buy,10,488.6,2774300,1.60E+18,2020-10-22T15:14:26,1,1
SUDARSCHEM,11-12-2020,NSE,EQ,EQ,buy,1,488.15,78230257,1.30E+15,2020-12-11T13:22:06,1,1
SUDARSCHEM,10-12-2020,BSE,EQ,A,buy,1,481.2,3676300,1.61E+18,2020-12-10T09:56:00,1,1
SUDARSCHEM,06-08-2020,NSE,EQ,EQ,sell,10,438.3,78401891,1.30E+15,2020-08-06T13:58:17,1,1
SUNTV,20-04-2020,BSE,EQ,A,buy,10,372.55,757800,1.59E+18,2020-04-20T09:41:33,1,1
SUNTV,27-10-2020,BSE,EQ,A,buy,15,425.4,1333200,1.60E+18,2020-10-27T12:47:39,1,1
SUNTV,12-11-2020,NSE,EQ,EQ,sell,15,449.8,76538732,1.30E+15,2020-11-12T11:04:16,1,1
SUNTV,02-06-2020,NSE,EQ,EQ,sell,10,410.7,77318883,1.30E+15,2020-06-02T12:15:05,1,1
TATACHEM,14-07-2020,BSE,EQ,A,buy,1,301.45,10698900,1.59E+18,2020-07-14T14:28:29,1,1
TATACHEM,12-08-2020,NSE,EQ,EQ,buy,5,296.15,78864236,1.30E+15,2020-08-12T14:36:21,1,1
TATACHEM,27-08-2020,BSE,EQ,A,sell,9,329,17291900,1.60E+18,2020-08-27T15:07:45,1,1
TATACHEM,23-07-2020,NSE,EQ,EQ,buy,3,307.95,79532975,1.30E+15,2020-07-23T14:52:53,1,1
TATACOFFEE,16-09-2020,BSE,EQ,A,buy,10,111.95,1499800,1.60E+18,2020-09-16T09:32:18,1,1
TATACOFFEE,23-07-2020,BSE,EQ,A,buy,20,83.85,12160500,1.60E+18,2020-07-23T14:44:18,1,1
TATACOFFEE,23-07-2020,BSE,EQ,A,buy,10,83.8,12160200,1.60E+18,2020-07-23T14:44:18,1,1
TATACOFFEE,29-07-2020,BSE,EQ,A,sell,30,94.15,57900,1.60E+18,2020-07-29T09:15:02,1,1
TATACOFFEE,03-02-2021,NSE,EQ,EQ,buy,10,113.3,79656906,1.30E+15,2021-02-03T13:32:36,1,1
TATACOFFEE,11-09-2020,BSE,EQ,A,buy,10,107.85,1628200,1.60E+18,2020-09-11T09:32:55,1,1
TATACOFFEE,07-09-2020,NSE,EQ,EQ,buy,10,109.35,76344442,1.30E+15,2020-09-07T10:53:54,1,1
TATACOFFEE,10-12-2020,NSE,EQ,EQ,buy,10,109.4,76383713,1.30E+15,2020-12-10T09:55:46,1,1
TATACOFFEE,23-10-2020,NSE,EQ,EQ,buy,10,106.1,75613991,1.30E+15,2020-10-23T09:41:36,1,1
TATACOFFEE,07-12-2020,NSE,EQ,EQ,buy,30,111,79409062,1.30E+15,2020-12-07T14:02:27,1,1
TATACOFFEE,25-08-2020,NSE,EQ,EQ,buy,2,114.9,76585862,1.30E+15,2020-08-25T10:43:33,1,1
TATACOFFEE,25-11-2020,BSE,EQ,A,buy,10,103.05,12052900,1.61E+18,2020-11-25T14:22:47,1,1
TATACOFFEE,01-09-2020,BSE,EQ,A,buy,10,108.25,10982000,1.60E+18,2020-09-01T13:00:50,1,1
TATACOFFEE,28-08-2020,NSE,EQ,EQ,sell,40,115.05,77615446,1.30E+15,2020-08-28T12:20:53,1,1
TATACOFFEE,17-08-2020,NSE,EQ,EQ,buy,9,105.9,77609810,1.30E+15,2020-08-17T12:32:03,1,1
TATACOFFEE,07-08-2020,BSE,EQ,A,buy,30,104.75,3547900,1.60E+18,2020-08-07T09:44:46,1,1
TATACOFFEE,11-12-2020,NSE,EQ,EQ,buy,5,111.1,78237967,1.30E+15,2020-12-11T13:23:02,1,1
TATACOFFEE,17-08-2020,NSE,EQ,EQ,buy,1,105.85,77609809,1.30E+15,2020-08-17T12:32:03,1,1
TATACONSUM,05-08-2020,NSE,EQ,EQ,buy,10,446.35,77811158,1.30E+15,2020-08-05T11:50:49,1,1
TATACONSUM,06-08-2020,BSE,EQ,A,sell,10,476.8,8178000,1.60E+18,2020-08-06T14:18:03,1,1
TATACONSUM,30-07-2020,BSE,EQ,A,buy,3,426.7,866400,1.60E+18,2020-07-30T09:51:32,1,1
TATACONSUM,05-08-2020,NSE,EQ,EQ,sell,13,469,75037806,1.30E+15,2020-08-05T09:15:10,1,1
TATACONSUM,22-07-2020,BSE,EQ,A,buy,10,416.4,3608900,1.60E+18,2020-07-22T10:10:23,1,1
TATACONSUM,03-06-2020,NSE,EQ,EQ,sell,6,367.45,76493351,1.30E+15,2020-06-03T10:28:01,1,1
TATACONSUM,04-08-2020,NSE,EQ,EQ,buy,10,439.15,76266704,1.30E+15,2020-08-04T10:12:08,1,1
TATACONSUM,05-08-2020,NSE,EQ,EQ,sell,10,469,75297401,1.30E+15,2020-08-05T09:20:35,1,1
TATAMOTORS,12-08-2020,NSE,EQ,EQ,sell,20,121.3,76221138,1.30E+15,2020-08-12T10:05:30,1,1
TATAMOTORS,30-04-2020,NSE,EQ,EQ,buy,100,91.45,79752387,1.30E+15,2020-04-30T14:19:48,1,1
TATAMOTORS,27-10-2020,BSE,EQ,A,buy,30,135.1,8842300,1.60E+18,2020-10-27T12:53:17,1,1
TATAMOTORS,27-01-2021,BSE,EQ,A,buy,10,269.45,3604800,1.61E+18,2021-01-27T09:48:45,1,1
TATAMOTORS,04-08-2020,BSE,EQ,A,buy,20,112.95,6176400,1.60E+18,2020-08-04T10:48:12,1,1
TATAMOTORS,01-02-2021,NSE,EQ,EQ,buy,25,266.05,78292214,1.30E+15,2021-02-01T12:17:31,1,1
TATAMOTORS,03-06-2020,NSE,EQ,EQ,sell,100,100.3,76473161,1.30E+15,2020-06-03T10:26:51,1,1
TATAMOTORS,10-12-2020,BSE,EQ,A,sell,30,177.55,3266300,1.61E+18,2020-12-10T09:52:14,1,1
TATASTEEL,09-07-2020,NSE,EQ,EQ,sell,20,348.3,76034446,1.30E+15,2020-07-09T10:08:55,1,1
TATASTEEL,08-07-2020,NSE,EQ,EQ,buy,10,336.55,76534314,1.30E+15,2020-07-08T10:26:25,1,1
TATASTEEL,27-01-2021,BSE,EQ,A,buy,1,623.9,11786900,1.61E+18,2021-01-27T15:25:50,1,1
TATASTEEL,08-07-2020,NSE,EQ,EQ,buy,10,336.65,76532128,1.30E+15,2020-07-08T10:26:10,1,1
TATASTEEL,27-07-2020,NSE,EQ,EQ,buy,10,351.25,78579038,1.30E+15,2020-07-27T14:38:06,1,1
TATASTEEL,27-10-2020,BSE,EQ,A,buy,10,411.8,5033000,1.60E+18,2020-10-27T12:53:55,1,1
TATASTEEL,24-07-2020,NSE,EQ,EQ,sell,42,343.05,77402170,1.30E+15,2020-07-24T11:03:00,1,1
TATASTEEL,05-06-2020,BSE,EQ,A,buy,7,338.65,8838700,1.59E+18,2020-06-05T14:20:22,1,1
TATASTEEL,10-06-2020,NSE,EQ,EQ,buy,20,325.5,77010638,1.30E+15,2020-06-10T11:42:41,1,1
TATASTEEL,06-08-2020,NSE,EQ,EQ,sell,20,394.85,78309516,1.30E+15,2020-08-06T13:48:17,1,1
TATASTEEL,08-06-2020,NSE,EQ,EQ,buy,10,342.75,76457761,1.30E+15,2020-06-08T10:04:06,1,1
TATASTEEL,27-07-2020,NSE,EQ,EQ,buy,5,353.65,78757726,1.30E+15,2020-07-27T14:57:54,1,1
TATASTEEL,12-06-2020,NSE,EQ,EQ,buy,5,305.1,77878117,1.30E+15,2020-06-12T13:13:18,1,1
TATASTEEL,16-07-2020,NSE,EQ,EQ,buy,5,340.55,77919498,1.30E+15,2020-07-16T13:01:44,1,1
TCS,27-10-2020,NSE,EQ,EQ,buy,1,2654.2,77614175,1.30E+15,2020-10-27T12:50:04,1,1
TCS,09-10-2020,NSE,EQ,EQ,buy,2,2804.6,76990785,1.30E+15,2020-10-09T11:53:33,1,1
TCS,10-12-2020,NSE,EQ,EQ,buy,1,2794.5,76376747,1.30E+15,2020-12-10T09:55:30,1,1
TCS,23-10-2020,NSE,EQ,EQ,buy,1,2688.75,75615700,1.30E+15,2020-10-23T09:41:42,1,1
TITAN,19-08-2020,BSE,EQ,A,sell,28,1147.3,1140100,1.60E+18,2020-08-19T09:58:27,1,1
TITAN,12-08-2020,BSE,EQ,A,buy,3,1056.5,5399200,1.60E+18,2020-08-12T14:37:11,1,1
TITAN,22-07-2020,NSE,EQ,EQ,buy,2,1049.25,78805726,1.30E+15,2020-07-22T14:53:17,1,1
TITAN,22-07-2020,NSE,EQ,EQ,buy,2,1036.8,76074416,1.30E+15,2020-07-22T10:11:42,1,1
TITAN,01-06-2020,NSE,EQ,EQ,buy,2,898.5,75008162,1.30E+15,2020-06-01T09:07:48,1,1
TITAN,05-08-2020,NSE,EQ,EQ,buy,10,1090.35,77101766,1.30E+15,2020-08-05T10:56:42,1,1
TRIDENT,25-08-2020,BSE,EQ,A,buy,10,6.77,2790200,1.60E+18,2020-08-25T10:43:59,1,1
TRIDENT,07-08-2020,NSE,EQ,EQ,buy,16,6.9,77325652,1.30E+15,2020-08-07T11:41:53,1,1
TRIDENT,10-08-2020,BSE,EQ,A,buy,2,6.86,6042200,1.60E+18,2020-08-10T12:07:54,1,1
TRIDENT,28-07-2020,BSE,EQ,A,buy,40,6.49,5705500,1.60E+18,2020-07-28T10:59:03,1,1
TRIDENT,17-08-2020,BSE,EQ,A,buy,1,6.86,5216300,1.60E+18,2020-08-17T12:33:22,1,1
TRIDENT,17-08-2020,BSE,EQ,A,buy,1,7,1617100,1.60E+18,2020-08-17T09:37:46,1,1
TRIDENT,05-08-2020,NSE,EQ,EQ,buy,500,7,75532269,1.30E+15,2020-08-05T09:28:20,1,1
TRIDENT,31-07-2020,NSE,EQ,EQ,buy,30,6.7,79967323,1.30E+15,2020-07-31T15:17:07,1,1
TRIDENT,31-07-2020,NSE,EQ,EQ,buy,1,6.7,79980904,1.30E+15,2020-07-31T15:17:29,1,1
TRIDENT,12-08-2020,BSE,EQ,A,buy,100,6.72,6216400,1.60E+18,2020-08-12T14:41:18,1,1
TRIDENT,10-08-2020,BSE,EQ,A,buy,2,6.86,13327500,1.60E+18,2020-08-10T14:22:36,1,1
TRIDENT,10-08-2020,BSE,EQ,A,buy,1,6.85,13335700,1.60E+18,2020-08-10T14:22:50,1,1
TRIDENT,30-07-2020,BSE,EQ,A,buy,2,6.46,7944300,1.60E+18,2020-07-30T14:24:50,1,1
TRIDENT,30-07-2020,BSE,EQ,A,buy,50,6.47,7937400,1.60E+18,2020-07-30T14:24:32,1,1
TRIDENT,30-07-2020,BSE,EQ,A,buy,40,6.46,7925400,1.60E+18,2020-07-30T14:24:08,1,1
TRIDENT,07-10-2020,BSE,EQ,A,sell,805,7.62,3039300,1.60E+18,2020-10-07T09:54:02,1,1
TRIDENT,11-08-2020,BSE,EQ,A,buy,1,6.78,6230600,1.60E+18,2020-08-11T12:54:51,1,1
TRIDENT,07-09-2020,NSE,EQ,EQ,buy,3,6.4,76365232,1.30E+15,2020-09-07T10:56:49,1,1
TRIDENT,14-08-2020,NSE,EQ,EQ,buy,5,6.85,75747266,1.30E+15,2020-08-14T09:42:01,1,1
TV18BRDCST,11-06-2020,BSE,EQ,A,buy,1,29.1,2120300,1.59E+18,2020-06-11T10:58:47,1,1
TV18BRDCST,15-06-2020,BSE,EQ,A,sell,200,31.5,465300,1.59E+18,2020-06-15T09:21:25,1,1
TV18BRDCST,11-06-2020,BSE,EQ,A,buy,199,29.15,2120500,1.59E+18,2020-06-11T10:58:47,1,1
UCALFUEL,18-06-2020,NSE,EQ,EQ,sell,20,122.65,75530828,1.30E+15,2020-06-18T09:43:25,1,1
UCALFUEL,24-08-2020,BSE,EQ,B,buy,5,125.35,1119300,1.60E+18,2020-08-24T09:45:07,1,1
UCALFUEL,04-09-2020,BSE,EQ,B,buy,3,129.1,1734900,1.60E+18,2020-09-04T14:13:35,1,1
UCALFUEL,21-10-2020,NSE,EQ,EQ,buy,1,115.4,75845771,1.30E+15,2020-10-21T10:07:28,1,1
UCALFUEL,19-08-2020,BSE,EQ,B,buy,10,134.85,1239800,1.60E+18,2020-08-19T10:21:01,1,1
UCALFUEL,15-06-2020,BSE,EQ,B,buy,2,103.45,1312700,1.59E+18,2020-06-15T11:28:15,1,1
UCALFUEL,04-02-2021,BSE,EQ,B,buy,10,133.5,818900,1.61E+18,2021-02-04T13:23:16,1,1
UCALFUEL,19-08-2020,BSE,EQ,B,buy,10,134.95,1240000,1.60E+18,2020-08-19T10:21:01,1,1
UCALFUEL,15-06-2020,BSE,EQ,B,buy,8,103.65,1312900,1.59E+18,2020-06-15T11:28:15,1,1
UCALFUEL,05-06-2020,BSE,EQ,B,buy,30,118.8,1325400,1.59E+18,2020-06-05T11:10:39,1,1
UCALFUEL,09-09-2020,BSE,EQ,B,buy,4,124.5,304000,1.60E+18,2020-09-09T09:25:24,1,1
UCALFUEL,11-06-2020,NSE,EQ,EQ,buy,20,109.5,77424549,1.30E+15,2020-06-11T11:58:56,1,1
UCALFUEL,24-06-2020,NSE,EQ,EQ,sell,40,117.5,77140439,1.30E+15,2020-06-24T11:14:37,1,1
UNITDSPR,04-05-2020,BSE,EQ,B,buy,6,538.75,1976700,1.59E+18,2020-05-04T09:55:17,1,1
UNITDSPR,12-11-2020,BSE,EQ,B,buy,1,560.4,2094500,1.61E+18,2020-11-12T11:11:07,1,1
UNITDSPR,04-05-2020,BSE,EQ,B,buy,12,538.7,1976500,1.59E+18,2020-05-04T09:55:17,1,1
UNITDSPR,04-05-2020,BSE,EQ,B,buy,2,538.65,1976200,1.59E+18,2020-05-04T09:55:17,1,1
VIMTALABS,03-08-2020,BSE,EQ,B,sell,30,125,1890200,1.60E+18,2020-08-03T14:27:04,1,1
VIMTALABS,03-08-2020,BSE,EQ,B,buy,30,118.85,1343600,1.60E+18,2020-08-03T12:35:20,1,1
VOLTAS,15-07-2020,BSE,EQ,A,buy,4,555.1,1600900,1.59E+18,2020-07-15T11:55:54,1,1
VOLTAS,15-07-2020,BSE,EQ,A,sell,4,549.55,2495500,1.59E+18,2020-07-15T14:02:50,1,1
WABAG,17-08-2020,BSE,EQ,A,buy,5,136.55,1218400,1.60E+18,2020-08-17T09:34:00,1,1
WABAG,17-08-2020,BSE,EQ,A,buy,1,134.05,4072700,1.60E+18,2020-08-17T12:33:00,1,1
WABAG,24-08-2020,BSE,EQ,A,sell,11,207,176400,1.60E+18,2020-08-24T09:17:43,1,1
WABAG,24-08-2020,BSE,EQ,A,sell,30,207.2,176300,1.60E+18,2020-08-24T09:17:43,1,1
WABAG,31-08-2020,BSE,EQ,A,sell,15,193.05,5110800,1.60E+18,2020-08-31T11:42:32,1,1
WABAG,24-08-2020,BSE,EQ,A,buy,10,210.7,3066300,1.60E+18,2020-08-24T11:19:19,1,1
WABAG,24-08-2020,BSE,EQ,A,buy,5,202.75,912600,1.60E+18,2020-08-24T09:35:08,1,1
WABAG,12-08-2020,BSE,EQ,A,buy,5,136.45,1646400,1.60E+18,2020-08-12T11:32:44,1,1
WABAG,10-08-2020,BSE,EQ,A,buy,10,146.5,3575300,1.60E+18,2020-08-10T14:21:39,1,1
WABAG,10-08-2020,BSE,EQ,A,buy,20,146.55,3567000,1.60E+18,2020-08-10T14:21:14,1,1
WOCKPHARMA,04-08-2020,BSE,EQ,A,sell,10,328.75,202700,1.60E+18,2020-08-04T09:16:13,1,1
WOCKPHARMA,03-08-2020,BSE,EQ,A,buy,10,298.85,3711800,1.60E+18,2020-08-03T13:58:47,1,1
YESBANK,25-11-2020,NSE,EQ,EQ,buy,100,14.15,78887784,1.30E+15,2020-11-25T14:22:37,1,1
YESBANK,11-09-2020,BSE,EQ,A,buy,100,14.33,1328400,1.60E+18,2020-09-11T09:34:16,1,1
YESBANK,21-10-2020,BSE,EQ,A,buy,1,13.04,1442000,1.60E+18,2020-10-21T10:08:15,1,1
YESBANK,23-10-2020,BSE,EQ,A,buy,10,12.87,2636500,1.60E+18,2020-10-23T11:56:37,1,1
YESBANK,10-12-2020,BSE,EQ,A,sell,220,19.33,10703500,1.61E+18,2020-12-10T09:52:22,1,1
YESBANK,21-10-2020,BSE,EQ,A,buy,9,13.04,1439600,1.60E+18,2020-10-21T10:07:59,1,1
ZEEL,05-06-2020,BSE,EQ,A,sell,30,208.6,1938600,1.59E+18,2020-06-05T09:36:55,1,1
ZEEL,04-06-2020,BSE,EQ,A,buy,30,198.6,4435400,1.59E+18,2020-06-04T10:33:34,1,1
ZEEMEDIA-BE,17-07-2020,NSE,EQ,BE,buy,100,5.5,77422804,1.30E+15,2020-07-17T12:56:48,1,1
ZEEMEDIA-T,18-09-2020,BSE,EQ,T,buy,4,6.5,481300,1.60E+18,2020-09-18T11:07:54,1,1
ZEEMEDIA,25-08-2020,NSE,EQ,EQ,buy,2,6.1,78948796,1.30E+15,2020-08-25T14:47:00,1,1
ZEEMEDIA,25-08-2020,NSE,EQ,EQ,buy,11,6.1,75768786,1.30E+15,2020-08-25T09:46:20,1,1
ZEEMEDIA-BE,05-08-2020,NSE,EQ,BE,buy,10,5.35,75637206,1.30E+15,2020-08-05T09:32:23,1,1
ZEEMEDIA,25-08-2020,NSE,EQ,EQ,buy,1,6.15,77509077,1.30E+15,2020-08-25T12:20:55,1,1
ZENSARTECH,15-07-2020,BSE,EQ,A,buy,20,137.4,1363300,1.59E+18,2020-07-15T11:14:39,1,1
ZENSARTECH,15-07-2020,BSE,EQ,A,sell,20,130.55,2534700,1.59E+18,2020-07-15T14:08:16,1,1
ZYDUSWELL,08-07-2020,BSE,EQ,A,sell,4,1343,6436900,1.59E+18,2020-07-08T15:08:04,1,1
ZYDUSWELL,17-06-2020,BSE,EQ,A,buy,10,1215.95,571200,1.59E+18,2020-06-17T09:24:54,1,1
ZYDUSWELL,08-07-2020,BSE,EQ,A,sell,1,1343,6379300,1.59E+18,2020-07-08T15:04:56,1,1
ZYDUSWELL,03-06-2020,NSE,EQ,EQ,buy,5,1332,75933810,1.30E+15,2020-06-03T09:50:54,1,1
ZYDUSWELL,08-07-2020,BSE,EQ,A,sell,10,1343,6412800,1.59E+18,2020-07-08T15:06:46,1,1
